mdr_report_key,date_received,event_date,device,manufacturer,model,product_code,narrative,device_problems,patient_problems,event_type,source_url,source_kind,narrative_hash
23931697,2025-12-31,2025-12-03,"PUMP, INFUSION",MEDTRONIC PUERTO RICO OPERATIONS CO.,MMT-342,FRN,"IT WAS REPORTED TO MEDTRONIC MINIMED THAT THE CUSTOMER EXPERIENCED HYPERGLYCEMIA. THE CUSTOMER REPORTED BLOOD GLUCOSE VALUE OF 221 MG/DL AND WAS TREATED WITH INSULIN PUMP. THE EVENT INVOLVED PRODUCT(S) MMT-7040A, MMT-342, MMT-1884L, MMT-441AG. TROUBLESHOOTING WAS PERFORMED AND THE AUTO MODE FEATURE WAS ACTIVE AT THE TIME OF THE EVENT. IT WAS ALSO CONFIRMED THAT THE CUSTOMER OBSERVED LEAK AT RESERVOIR O RINGS AND OBSERVED CRACKS IN RESERVOIR BARREL. NO FURTHER PATIENT COMPLICATIONS WERE REPORTED. THE PRODUCTS MMT-7040A, MMT-1884L, MMT-441AG WILL NOT BE RETURNED FOR ANALYSIS. THE CUSTOMER WILL DISCONTINUE THE USE OF THE RESERVOIR. THE PRODUCT MMT-342 WILL BE RETURNED FOR ANALYSIS.",,Hyperglycemia; Hyperglycemia,Malfunction,https://www.accessdata.fda.gov/scripts/cdrh/cfdocs/cfmaude/detail.cfm?mdrfoi__id=23931697,FDA openFDA MAUDE,da0046456d140866b93476586f4786421d7891cf9b21aa59eb6619f449e2e7de
23931863,2025-12-31,2025-12-09,"PUMP, INFUSION",CAREFUSION SD,8110,FRN,IT WAS REPORTED THAT THE DEVICE HAD 352.67 ERROR. THERE WAS NO PATIENT INVOLVEMENT.,,"No Clinical Signs, Symptoms or Conditions; No Clinical Signs, Symptoms or Conditions",Malfunction,https://www.accessdata.fda.gov/scripts/cdrh/cfdocs/cfmaude/detail.cfm?mdrfoi__id=23931863,FDA openFDA MAUDE,796c2c290fe8505ba184d9739d6d00685a8aa5ebddbb7121f6d5e95dfa18744d
23931864,2025-12-31,2025-12-22,"PUMP, INFUSION",CAREFUSION SD,8100,FRN,"IT WAS REPORTED THAT THE FOLLOWING ISSUE WAS OBSERVED ON THE DEVICE: ¿CHANNEL ERROR. BOTH PRESSURE SENSORS OUT OF RANGE. REPLACED. CALIBRATED. TESTED. RTS."". ADDITIONAL NOTES PROVIDED BY THE FACILITY¿S CLINICAL ENGINEERING SUPPORT SERVICES INCLUDE: ""CHANNEL ERROR. BOTH PRESSURE SENSORS OUT OF RANGE. REPLACED. CALIBRATED. TESTED. RTS."". REPORTED PROBLEM CAUSE DESCRIPTION: ""MECHANICAL - ELECTRICAL"". THERE WAS NO REPORTED PATIENT INVOLVEMENT. ALTHOUGH ADDITIONAL INFORMATION AND PRODUCT RETURN HAVE BEEN PREVIOUSLY REQUESTED, THE CUSTOMER PROVIDED A GENERAL STATEMENT THAT ¿NO FURTHER INFORMATION WILL BE PROVIDED, INCLUDING PATIENT DEMOGRAPHICS AND NO PRODUCTS WILL BE RETURNED.¿",,"No Clinical Signs, Symptoms or Conditions; No Clinical Signs, Symptoms or Conditions",Malfunction,https://www.accessdata.fda.gov/scripts/cdrh/cfdocs/cfmaude/detail.cfm?mdrfoi__id=23931864,FDA openFDA MAUDE,a07415c5534c5f68ce88202ac0afa90a9a4de8b9ac41f2a716751e6aed27ee33
23931865,2025-12-31,2025-12-24,"PUMP, INFUSION",CAREFUSION SD,8100,FRN,"IT WAS REPORTED THAT THE FOLLOWING ISSUE WAS OBSERVED ON THE DEVICE: ¿PUMP GIVING CHECK IV SET ALARM."" ADDITIONAL NOTES PROVIDED BY THE FACILITY¿S CLINICAL ENGINEERING SUPPORT SERVICES INCLUDE: ""REPLACED BOTTLE PRESSURE SENSOR. CALIBRATED. TESTED. RTS."" REPORTED PROBLEM CAUSE DESCRIPTION: ""MECHANICAL - ELECTRICAL"". THERE WAS NO REPORTED PATIENT INVOLVEMENT. ALTHOUGH ADDITIONAL INFORMATION AND PRODUCT RETURN HAVE BEEN PREVIOUSLY REQUESTED, THE CUSTOMER PROVIDED A GENERAL STATEMENT THAT ¿NO FURTHER INFORMATION WILL BE PROVIDED, INCLUDING PATIENT DEMOGRAPHICS AND NO PRODUCTS WILL BE RETURNED.¿",,"No Clinical Signs, Symptoms or Conditions; No Clinical Signs, Symptoms or Conditions",Malfunction,https://www.accessdata.fda.gov/scripts/cdrh/cfdocs/cfmaude/detail.cfm?mdrfoi__id=23931865,FDA openFDA MAUDE,a9ab8dee01afd0dc6d5a7d571e3fc12e4ca379109937164de060daddd07da8c3
23931866,2025-12-31,2025-12-24,"PUMP, INFUSION",CAREFUSION SD,8100,FRN,"IT WAS REPORTED THAT THE FOLLOWING ISSUE WAS OBSERVED ON THE DEVICE: ¿GIVING CHANNEL ERROR MESSAGE."" . ADDITIONAL NOTES PROVIDED BY THE FACILITY¿S CLINICAL ENGINEERING SUPPORT SERVICES INCLUDE: ""REPLACED THE DOWNSTREAM PRESSURE SENSOR AND RAN RATE CALIBRATION TO VERIFY OPERATION."". REPORTED PROBLEM CAUSE DESCRIPTION: ""MECHANICAL - ELECTRICAL"". THERE WAS NO REPORTED PATIENT INVOLVEMENT. ALTHOUGH ADDITIONAL INFORMATION AND PRODUCT RETURN HAVE BEEN PREVIOUSLY REQUESTED, THE CUSTOMER PROVIDED A GENERAL STATEMENT THAT ¿NO FURTHER INFORMATION WILL BE PROVIDED, INCLUDING PATIENT DEMOGRAPHICS AND NO PRODUCTS WILL BE RETURNED.¿",,"No Clinical Signs, Symptoms or Conditions; No Clinical Signs, Symptoms or Conditions",Malfunction,https://www.accessdata.fda.gov/scripts/cdrh/cfdocs/cfmaude/detail.cfm?mdrfoi__id=23931866,FDA openFDA MAUDE,69106e654db43213dfe0c9844b28e0e17ff24f44daa041e4ef6bb799f76f9f2b
23931867,2025-12-31,2025-12-09,"PUMP, INFUSION",CAREFUSION SD,8100,FRN,IT WAS REPORTED THAT THE DEVICE HAD 242.403 ERROR. THERE WAS NO PATIENT INVOLVEMENT.,,"No Clinical Signs, Symptoms or Conditions; No Clinical Signs, Symptoms or Conditions",Malfunction,https://www.accessdata.fda.gov/scripts/cdrh/cfdocs/cfmaude/detail.cfm?mdrfoi__id=23931867,FDA openFDA MAUDE,2cc1a76acd6ffd4f41994b4cba8cc102c9e329ccf79949d4fee91f225ae837d9
23931964,2025-12-31,2025-12-22,"PUMP, INFUSION",CAREFUSION SD,8110,FRN,"IT WAS REPORTED THAT THE FOLLOWING ISSUE WAS OBSERVED ON THE DEVICE: ¿STUCK TO PUMP. REMOVED LATCH AND REPLACED."". ADDITIONAL NOTES PROVIDED BY THE FACILITY¿S CLINICAL ENGINEERING SUPPORT SERVICES INCLUDE: ""STUCK TO PUMP. REMOVED LATCH AND REPLACED."". REPORTED PROBLEM CAUSE DESCRIPTION: ""MECHANICAL - ELECTRICAL"". THERE WAS NO REPORTED PATIENT INVOLVEMENT. ALTHOUGH ADDITIONAL INFORMATION AND PRODUCT RETURN HAVE BEEN PREVIOUSLY REQUESTED, THE CUSTOMER PROVIDED A GENERAL STATEMENT THAT ¿NO FURTHER INFORMATION WILL BE PROVIDED, INCLUDING PATIENT DEMOGRAPHICS AND NO PRODUCTS WILL BE RETURNED.¿",,"No Clinical Signs, Symptoms or Conditions; No Clinical Signs, Symptoms or Conditions",Malfunction,https://www.accessdata.fda.gov/scripts/cdrh/cfdocs/cfmaude/detail.cfm?mdrfoi__id=23931964,FDA openFDA MAUDE,f8fc3a95994f3bd73aaf125a1d8b6a81481f78490c32b058f9841c60d50bba78
23931966,2025-12-31,2025-12-22,"PUMP, INFUSION",CAREFUSION SD,8100,FRN,"IT WAS REPORTED THAT THE FOLLOWING ISSUE WAS OBSERVED ON THE DEVICE: ¿""NOTE SAID NO WORK."""". ADDITIONAL NOTES PROVIDED BY THE FACILITY¿S CLINICAL ENGINEERING SUPPORT SERVICES INCLUDE: ""DOOR LATCH BROKEN. REPLACED."". REPORTED PROBLEM CAUSE DESCRIPTION: ""MECHANICAL - ELECTRICAL"". THERE WAS NO REPORTED PATIENT INVOLVEMENT. ALTHOUGH ADDITIONAL INFORMATION AND PRODUCT RETURN HAVE BEEN PREVIOUSLY REQUESTED, THE CUSTOMER PROVIDED A GENERAL STATEMENT THAT ¿NO FURTHER INFORMATION WILL BE PROVIDED, INCLUDING PATIENT DEMOGRAPHICS AND NO PRODUCTS WILL BE RETURNED.¿",,"No Clinical Signs, Symptoms or Conditions; No Clinical Signs, Symptoms or Conditions",Malfunction,https://www.accessdata.fda.gov/scripts/cdrh/cfdocs/cfmaude/detail.cfm?mdrfoi__id=23931966,FDA openFDA MAUDE,81b0b5b10ce85d0cad1ab8fe7ce3768b6360b59cc4468300b08913abd3190d28
23932396,2025-12-31,2025-12-09,"PUMP, INFUSION",CAREFUSION SD,8110,FRN,IT WAS REPORTED THAT THE PLUNGER DOESN'T MOVE SMOOTHLY. THERE WAS NO PATIENT INVOLVEMENT.,,"No Clinical Signs, Symptoms or Conditions; No Clinical Signs, Symptoms or Conditions",Malfunction,https://www.accessdata.fda.gov/scripts/cdrh/cfdocs/cfmaude/detail.cfm?mdrfoi__id=23932396,FDA openFDA MAUDE,5c8e9be52823faf27a97f38de3dfcf82cb072ebca37bcf97abf824bcf8ddbe82
23932476,2025-12-31,2025-12-08,"PUMP, INFUSION",CAREFUSION SD,8100,FRN,"IT WAS REPORTED BY THE CUSTOMER THAT THE DEVICE HAD BROKEN DOOR SEARS. THE NUMBER OF BROKEN UNITS HAS DOUBLED, AND IT HAS BEEN DIFFICULT TO KEEP UP WITH THE PARTS NEEDED FOR THESE REPAIRS. THERE WAS NO PATIENT INVOLVEMENT.",,"No Clinical Signs, Symptoms or Conditions; No Clinical Signs, Symptoms or Conditions",Malfunction,https://www.accessdata.fda.gov/scripts/cdrh/cfdocs/cfmaude/detail.cfm?mdrfoi__id=23932476,FDA openFDA MAUDE,f28f40010bc2bf7bc088ec8968d7fd2649d3534ff413461cb84d7d0ae173d2a2
23932480,2025-12-31,2025-10-03,"PUMP, INFUSION",CAREFUSION SD,8100,FRN,"A COPY OF THE MEDWATCH REPORT FROM FDA WAS RECEIVED, WHICH STATES, ""PATIENT WAS RECEIVING IV INFUSION VIA ALARIS PUMP AND THE CHANNEL FAILED. THE STAFF REMOVED THE CHANNEL AND RECONNECTED IT TO ENSURE IT WAS CONNECTED CORRECTLY. THE PCU SCREEN STATED CHANNEL ERROR. THE CHANNEL WAS REMOVED FROM SERVICE AND SENT TO BIOMED. THE CHANNEL WAS NOT INFUSION A CRITICAL LIFE-SAVING MEDICATION AT THE TIME"". THERE WAS NO INFORMATION ON PATIENT OUTCOME. ALTHOUGH REQUESTED NO ADDITIONAL INFORMATION WILL BE PROVIDED BY THE CUSTOMER, NO DEVICES WILL BE RETURNED.",,Insufficient Information; Insufficient Information,Malfunction,https://www.accessdata.fda.gov/scripts/cdrh/cfdocs/cfmaude/detail.cfm?mdrfoi__id=23932480,FDA openFDA MAUDE,441a0e73110b6ac9af16c69224f9ae7afa19c2f0ebce5e53087f05e1e6e1dee9
23932483,2025-12-31,2025-12-24,"PUMP, INFUSION",CAREFUSION SD,8015,FRN,"IT WAS REPORTED THAT THE FOLLOWING ISSUE WAS OBSERVED ON THE DEVICE: BATTERY WILL NOT HOLD CHARGE AND TURNS OFF WHENEVER CHANNEL ATTACHED. ADDITIONAL NOTES PROVIDED BY THE FACILITY¿S CLINICAL ENGINEERING SUPPORT SERVICES INCLUDE: RAN THE BATTERY CONDITIONER AND IT IS WORKING NOW. REPORTED PROBLEM CAUSE DESCRIPTION: MECHANICAL - ELECTRICAL. THERE WAS NO REPORTED PATIENT INVOLVEMENT. ALTHOUGH ADDITIONAL INFORMATION AND PRODUCT RETURN HAVE BEEN PREVIOUSLY REQUESTED, THE CUSTOMER PROVIDED A GENERAL STATEMENT THAT NO FURTHER INFORMATION WILL BE PROVIDED, INCLUDING PATIENT DEMOGRAPHICS AND NO PRODUCTS WILL BE RETURNED.",,"No Clinical Signs, Symptoms or Conditions; No Clinical Signs, Symptoms or Conditions",Malfunction,https://www.accessdata.fda.gov/scripts/cdrh/cfdocs/cfmaude/detail.cfm?mdrfoi__id=23932483,FDA openFDA MAUDE,be6647191bd8c0b6aad05a09d0e908c7a99e7e6b474f41c3306eac54e1495847
23932552,2025-12-31,2025-12-11,"PUMP, INFUSION",CAREFUSION SD,8100,FRN,IT WAS REPORTED THAT THE DEVICE HAD 242.403. THERE WAS NO PATIENT INVOLVEMENT.,,"No Clinical Signs, Symptoms or Conditions; No Clinical Signs, Symptoms or Conditions",Malfunction,https://www.accessdata.fda.gov/scripts/cdrh/cfdocs/cfmaude/detail.cfm?mdrfoi__id=23932552,FDA openFDA MAUDE,08b4b8d0611283a64eb03f94be6b2164808e2443b7b7d77b89cbae072272fd20
23932553,2025-12-31,2025-12-10,"PUMP, INFUSION",CAREFUSION SD,8100,FRN,"IT WAS REPORTED THAT A FAILURE WAS OBSERVED DURING A PLANNED PREVENTATIVE MAINTENANCE, RECALL REMEDIATION, OR REPAIR ORDER SERVICE EVENT. [REPAIR MULTI-DEVICE];[REPAIR MULTI-DEVICE]. THERE WAS NO REPORTED PATIENT INVOLVEMENT.",,"No Clinical Signs, Symptoms or Conditions; No Clinical Signs, Symptoms or Conditions",Malfunction,https://www.accessdata.fda.gov/scripts/cdrh/cfdocs/cfmaude/detail.cfm?mdrfoi__id=23932553,FDA openFDA MAUDE,c470ccd5cb355e14a79ece99fca8bb2e965de956bfd878d9f30eb0d04860ff41
23932617,2025-12-31,2025-11-07,"PUMP, INFUSION",CAREFUSION SD,8015,FRN,IT WAS REPORTED THAT THE DEVICE HAD LOOSE SCREW(S). THERE WAS NO PATIENT INVOLVEMENT.,,"No Clinical Signs, Symptoms or Conditions; No Clinical Signs, Symptoms or Conditions",Malfunction,https://www.accessdata.fda.gov/scripts/cdrh/cfdocs/cfmaude/detail.cfm?mdrfoi__id=23932617,FDA openFDA MAUDE,a9abc517cad873c8baa3875933818065306fd90972b03327830cc7fd62eb5db5
23932619,2025-12-31,2025-12-04,"PUMP, INFUSION",CAREFUSION SD,8100,FRN,IT WAS REPORTED THAT THE DEVICE HAD DROPPED DEVICE - PHYSICAL DAMAGE. THERE WAS NO PATIENT INVOLVEMENT.,,"No Clinical Signs, Symptoms or Conditions; No Clinical Signs, Symptoms or Conditions",Malfunction,https://www.accessdata.fda.gov/scripts/cdrh/cfdocs/cfmaude/detail.cfm?mdrfoi__id=23932619,FDA openFDA MAUDE,12b1b6916b2fcbfd618a328b4185320d51c14c13c8e8cea74d61d39e55b8b814
23932626,2025-12-31,2025-12-23,"PUMP, INFUSION",CAREFUSION SD,8100,FRN,IT WAS REPORTED THAT A FAILURE WAS OBSERVED DURING A PLANNED PREVENTIVE MAINTENANCE OR RECALL REMEDIATION SERVICE EVENT. THERE WAS NO REPORTED PATIENT INVOLVEMENT.,,"No Clinical Signs, Symptoms or Conditions; No Clinical Signs, Symptoms or Conditions",Malfunction,https://www.accessdata.fda.gov/scripts/cdrh/cfdocs/cfmaude/detail.cfm?mdrfoi__id=23932626,FDA openFDA MAUDE,409c256c99b926abf0a89c6d87132154469e197ed44bfa4f4f0c67d9b54eba45
23932627,2025-12-31,2025-12-02,"PUMP, INFUSION",CAREFUSION SD,8015,FRN,"IT WAS REPORTED THAT THE PCA SYRINGE OF DILAUDID 1:1 WAS ERRONEOUSLY CHANGED TO 0.3MG/HOUR OF BASAL RATE. THE INTENDED SETTINGS WERE 0MG BASAL, 0.3MG BOLUS FOR FIFTEEN (15) MINUTES. THE BASAL RATE WAS IN EFFECT FROM SYRINGE CHANGE AT 0450AM UNTIL SHIFT CHANGE AT 1900. 3.39MG/3.39ML EXTRA DRUG INFUSED DURING THAT TIME PERIOD. THERE WAS PATIENT INVOLVEMENT, BUT NO HARM. CUSTOMER WOULD LIKE TO KNOW THROUGH LOG REVIEW IF THE BASAL RATE COULD HAVE BEEN INADVERTENTLY ADDED FROM A SETTING FOR A PRIOR PATIENT USING THE SAME EQUIPMENT. IT WAS REPORTED THAT THE PCA SYRINGE OF DILAUDID 1:1 WAS ERRONEOUSLY CHANGED TO 0.3 MG/HOUR OF BASAL RATE. THE INTENDED SETTINGS WERE 0 MG BASAL, 0.3MG BOLUS FOR FIFTEEN (15) MINUTES. THE BASAL RATE WAS IN EFFECT FROM SYRINGE CHANGE AT 04:50 AM UNTIL SHIFT CHANGE AT 1900. 3.39 MG/3.39 ML EXTRA DRUG INFUSED DURING THAT TIME PERIOD. THERE WAS PATIENT INVOLVEMENT, BUT NO HARM.IT WAS REPORTED THAT THE PCA SYRINGE OF DILAUDID 1:1 WAS ERRONEOUSLY CHANGED TO 0.3 MG/HOUR OF BASAL RATE. THE INTENDED SETTINGS WERE 0MG BASAL, 0.3 MG BOLUS FOR FIFTEEN (15) MINUTES. THE BASAL RATE WAS IN EFFECT FROM SYRINGE CHANGE AT 04:50 AM UNTIL SHIFT CHANGE AT 1900. 3.39 MG/3.39 ML EXTRA DRUG INFUSED DURING THAT TIME PERIOD. THERE WAS PATIENT INVOLVEMENT, BUT NO HARM. CUSTOMER WOULD LIKE TO KNOW THROUGH LOG REVIEW IF THE BASAL RATE COULD HAVE BEEN INADVERTENTLY ADDED FROM A SETTING FOR A PRIOR PATIENT USING THE SAME EQUIPMENT. CUSTOMER WOULD LIKE TO KNOW THROUGH LOG REVIEW IF THE BASAL RATE COULD HAVE BEEN INADVERTENTLY ADDED FROM A SETTING FOR A PRIOR PATIENT USING THE SAME EQUIPMENT.",,"No Clinical Signs, Symptoms or Conditions; No Clinical Signs, Symptoms or Conditions",Malfunction,https://www.accessdata.fda.gov/scripts/cdrh/cfdocs/cfmaude/detail.cfm?mdrfoi__id=23932627,FDA openFDA MAUDE,70ab2035bbbb6c00598f0ded459be02c42ff9e458178bd80095b0549348bcdf4
23932635,2025-12-31,,"PUMP, INFUSION",BAXTER HEALTHCARE CORPORATION,ASKU,FRN,IT WAS REPORTED THAT A SPECTRUM PUMP ALARMED UPSTREAM OCCLUSION DURING AN UNSPECIFIED PROCESS STEP IN THE 12C ¿ CARDIAC SURGERY ICU DEPARTMENT. THERE WAS NO REPORT OF PATIENT INJURY OR MEDICAL INTERVENTION ASSOCIATED WITH THIS EVENT. NO ADDITIONAL INFORMATION IS AVAILABLE.,,"No Clinical Signs, Symptoms or Conditions; No Clinical Signs, Symptoms or Conditions",Malfunction,https://www.accessdata.fda.gov/scripts/cdrh/cfdocs/cfmaude/detail.cfm?mdrfoi__id=23932635,FDA openFDA MAUDE,2369f7e8a9bfab2578334ef30bae42bd28129c23c47ba69ec21a3c3b74137653
23932644,2025-12-31,,"PUMP, INFUSION",BAXTER HEALTHCARE CORPORATION,ASKU,FRN,IT WAS REPORTED THAT A SPECTRUM PUMP ALARMED UPSTREAM OCCLUSION DURING AN UNSPECIFIED PROCESS STEP 6C ¿ MED/SURG DEPARTMENT . THERE WAS NO REPORT OF PATIENT INJURY OR MEDICAL INTERVENTION ASSOCIATED WITH THIS EVENT. NO ADDITIONAL INFORMATION IS AVAILABLE.,,"No Clinical Signs, Symptoms or Conditions; No Clinical Signs, Symptoms or Conditions",Malfunction,https://www.accessdata.fda.gov/scripts/cdrh/cfdocs/cfmaude/detail.cfm?mdrfoi__id=23932644,FDA openFDA MAUDE,4613db5bb03a5f67a14c97f9d75a94ea47aaf513281c89eda7fe628c4793c85b
23932651,2025-12-31,2025-12-10,"PUMP, INFUSION",CAREFUSION SD,8100,FRN,"IT WAS REPORTED THAT A FAILURE WAS OBSERVED DURING A PLANNED PREVENTATIVE MAINTENANCE, RECALL REMEDIATION, OR REPAIR ORDER SERVICE EVENT. [DEPOT REPAIR];[BOTTLE SIDE PRESSURE SENSORS]. THERE WAS NO REPORTED PATIENT INVOLVEMENT.",,"No Clinical Signs, Symptoms or Conditions; No Clinical Signs, Symptoms or Conditions",Malfunction,https://www.accessdata.fda.gov/scripts/cdrh/cfdocs/cfmaude/detail.cfm?mdrfoi__id=23932651,FDA openFDA MAUDE,99142a112e102e3fc806394e522e7072775de3c9740004ae28c2798a3c4df030
23932653,2025-12-31,2025-12-08,"PUMP, INFUSION",CAREFUSION SD,8100,FRN,"IT WAS REPORTED THAT THE DEVICE HAD ERROR CODE 242.4030.0. CONNECTED CHANNEL AND OUTPUT CHANNEL ERROR, DOWNLOADED ERROR LOGS. THERE WAS NO PATIENT INVOLVEMENT.",,"No Clinical Signs, Symptoms or Conditions; No Clinical Signs, Symptoms or Conditions",Malfunction,https://www.accessdata.fda.gov/scripts/cdrh/cfdocs/cfmaude/detail.cfm?mdrfoi__id=23932653,FDA openFDA MAUDE,101fa56ecbf3b7e0c6a8d5984166307ecae716ab50adacf7c209d39e1fc52337
23932655,2025-12-31,2025-12-10,"PUMP, INFUSION",CAREFUSION SD,8100,FRN,IT WAS REPORTED THAT THE DEVICE HAD GIVING 'CHECK IV SET' ERRORS DURING USE. GIVING 'BOTTLE OCCLUSION' ERRORS IN MAINTENANCE MODE. THERE WAS NO PATIENT INVOLVEMENT. IT WAS REPORTED THAT THE DEVICE HAD GIVING 'CHECK IV SET' ERRORS DURING USE. GIVING 'BOTTLE OCCLUSION' ERRORS IN MAINTENANCE MODE. THERE WAS NO PATIENT INVOLVEMENT.,,"No Clinical Signs, Symptoms or Conditions; No Clinical Signs, Symptoms or Conditions",Malfunction,https://www.accessdata.fda.gov/scripts/cdrh/cfdocs/cfmaude/detail.cfm?mdrfoi__id=23932655,FDA openFDA MAUDE,e76a37eb71187da6c2d435e14c9ef0c9ba414eb8f7557972100d6b6802dd146b
23932656,2025-12-31,2025-12-10,"PUMP, INFUSION",CAREFUSION SD,8100,FRN,IT WAS REPORTED THAT THE DEVICE HAD FAILED PATIENT SIDE OCCLUSION. THERE WAS NO PATIENT INVOLVEMENT.,,"No Clinical Signs, Symptoms or Conditions; No Clinical Signs, Symptoms or Conditions",Malfunction,https://www.accessdata.fda.gov/scripts/cdrh/cfdocs/cfmaude/detail.cfm?mdrfoi__id=23932656,FDA openFDA MAUDE,eb63e4d2fe28e197e15e4bb12f98eefcd48cf2ebbe649dc6f0b5c1d2eedf455c
23932657,2025-12-31,2025-12-11,"PUMP, INFUSION",CAREFUSION SD,8110,FRN,IT WAS REPORTED THAT THE DEVICE HAD PLUNGER NOT WORKING PROPERLY. THERE WAS NO PATIENT INVOLVEMENT.,,"No Clinical Signs, Symptoms or Conditions; No Clinical Signs, Symptoms or Conditions",Malfunction,https://www.accessdata.fda.gov/scripts/cdrh/cfdocs/cfmaude/detail.cfm?mdrfoi__id=23932657,FDA openFDA MAUDE,1c2857bfb45846eaf07b60860de57cd794c9cefab0902fda439420918803a3c6
23932658,2025-12-31,2025-12-09,"PUMP, INFUSION",CAREFUSION SD,8110,FRN,IT WAS REPORTED THAT THE DEVICE HAD FAILS THE PLUNGER FORCE ACCURACY TEST. THERE WAS NO PATIENT INVOLVEMENT.,,"No Clinical Signs, Symptoms or Conditions; No Clinical Signs, Symptoms or Conditions",Malfunction,https://www.accessdata.fda.gov/scripts/cdrh/cfdocs/cfmaude/detail.cfm?mdrfoi__id=23932658,FDA openFDA MAUDE,9212957f20b4f5919c6e64d7a7496751281a9b8e1c159b29fd1ba18fea82f34f
23932659,2025-12-31,2025-12-10,"PUMP, INFUSION",CAREFUSION SD,8110,FRN,IT WAS REPORTED THAT THE DEVICE HAD FAILED PLUNGER FORCE TEST. THERE WAS NO PATIENT INVOLVEMENT.,,"No Clinical Signs, Symptoms or Conditions; No Clinical Signs, Symptoms or Conditions",Malfunction,https://www.accessdata.fda.gov/scripts/cdrh/cfdocs/cfmaude/detail.cfm?mdrfoi__id=23932659,FDA openFDA MAUDE,96263c5bdbcf7a1c7a704f4ec360d0fb508ac8f9e5c3a7629d330c585f99c76d
23932660,2025-12-31,2025-12-10,"PUMP, INFUSION",CAREFUSION SD,8100,FRN,IT WAS REPORTED THAT THE DEVICE HAD ERROR CODE 242.4030. THERE WAS NO PATIENT INVOLVEMENT.,,"No Clinical Signs, Symptoms or Conditions; No Clinical Signs, Symptoms or Conditions",Malfunction,https://www.accessdata.fda.gov/scripts/cdrh/cfdocs/cfmaude/detail.cfm?mdrfoi__id=23932660,FDA openFDA MAUDE,ba4cf2672c38afde8d6340f148d57d6550a4ddddf06e3fd1a357a485ce7b05a7
23932661,2025-12-31,2025-11-06,"PUMP, INFUSION",CAREFUSION SD,8015,FRN,"IT WAS REPORTED BY CUSTOMER THAT THREE (3) PUMPS WITH ELEVEN (11) MODULES ATTACHED DISPLAYED A SYSTEM FAILURE AND ALL OF THEM STOPPED INFUSING. CUSTOMER ALLEGES ONLY OPTION ON THE PUMPS WAS TO TURN THE DEVICES OFF. CLINICAL USERS MANAGED TO TURN THE PUMPS BACK ON, HOWEVER HAD TO REPROGRAM ALL THE MEDICATIONS. CUSTOMER HAS REACHED OUT TO PLANT SERVICES FOR INFORMATION REGARDING WHAT HAPPENED AT THE TIME, AND WE WERE TOLD THAT ¿A SQUIRREL FRIED ITSELF AND TOOK OUT C PHASE ON OUR MAIN INCOMING POWERLINE. THERE WAS A SECOND OF INTERRUPTED POWER WHILE OUR ATS TRANSFERRED TO OUR BACKUP POWERLINE.¿ CUSTOMER PULLED THE EVENT LOGS ON THE PCU AND THERE WAS A SECOND OR TWO THAT THE SHOWS THE PUMPS WERE SWITCHING BETWEEN AC AND DC. ERROR CODE SHOWS 121.2000 AT THE TIME. A REPORT WAS RECEIVED FROM HEALTH CANADA'S CANADA VIGILANCE PROGRAM WHICH STATES, ""HOSPITAL WIDE POWER OUTAGE - ALL PUMPS PLUGGED INTO RED POWER PORTS, AND NO EVIDENCE OF BATTERY DEPLETION. PATIENTS IV PUMPS X3 HAD A FULL SYSTEM FAILURE. 9 CHANNELS INFUSING WITH LIFE SUSTAINING MEDICATIONS. COMPLETE FAILURE RESULTING IN NO LIFE SUSTAINING MEDICATIONS CLEARLY DELIVERED TO PATIENT. IN ADDITION, VENTILATOR STOPPED MOMENTARILY, AS WELL AS ALL CARDIAC MONITORS. IMMEDIATE HARM TO PATIENT, WITH UNKNOWN CONSEQUENCES AND MONITORING. IV PUMPS FULLY FAILED, WITH NO BACK UP SUPPORT OR BATTERY LIFE NOTED. IV PUMPES REQUIRED COMPLETE RESET RESULTING IN IMMEDIATE HARM TO PATIENT. PHYSICIANS X2 ENTERED ROOM, PROVIDED IV PUSH EPINEPHRINE, AND CRASH CART HAD TO BE PLACED IN ROOM. RTS ENTERED ROOM, AS WELL AS 4 RNS TO SUPPORT LIFE SUSTAINING MEASURES, AND RE-PROGRAM ALL 9 CHANNELS. PRIMARY PHYSICIAN AWARE AND WITH PATIENT AT TIME. FULL PUMP FAILURE WITH POWER OUTAGE, NO BACK UP OR BATTERY BACKUP STARTED. FULL PUMP FAILURE REQUIRING SYSTEM RESTART"" AFTER EXTENSIVE FOLLOW UP, THE CUSTOMER PROVIDED ADDITIONAL INFORMATION: THE PATIENT HAD BEEN ADMITTED FOR DECOMPENSATED LIVER FAILURE. FOLLOWING THE EVENT AT APPROXIMATELY 0905, THE PATIENTS SYSTOLIC BLOOD PRESSURE DECREASED FROM 76MMHG TO 50MMHG WITHIN 20 SECONDS OF PUMP FAILURE. BEFORE THE EVENT AT 0900, AMBULATORY BLOOD PRESSURE WAS 76/42(53)MMHG. THE INTENSIVIST ADMINISTERED EPINEPHRINE 50MCG IVP AT APPROXIMATELY 0906 TO SUPPORT BP WHILE CLINICIANS WORKED TO RE-PROGRAM VASOPRESSOR AGENTS PREVIOUSLY RUNNING IN IV PUMPS. ABP INCREASED TO 79/42(55)MMHG POST ADMINISTRATION OF IVP EPINEPHRINE. THE PATIENT WAS ALSO RECEIVING THE FOLLOWING MEDICATIONS. OCTREOTIDE AT 10MCG/HOUR (FLOW RATE 10ML/HOUR). VASOPRESSIN AT 0.04UNITS/MINUTE (FLOW RATE 12ML/HOUR). NOREPINEPHRINE AT 60MCG/MINUTE (FLOW RATE 56ML/HOUR). PROPOFOL AT 15MCG/KG/MINUTE (FLOW RATE 7ML/HOUR). SODIUM BICARBONATE AT 25MMOL/HOUR (FLOW RATE 25ML/HOUR). FENTANYL AT 100MCG/HOUR (FLOW RATE 10ML/HOUR). EPINEPHRINE AT 10MCG/MINUTE (FLOW RATE 50ML/HOUR). ALBUMIN 25% AT 100ML/HOUR. IT WAS REPORTED BY CUSTOMER THAT THREE (3) PUMPS WITH ELEVEN (11) MODULES ATTACHED DISPLAYED A SYSTEM FAILURE AND ALL OF THEM STOPPED INFUSING. CUSTOMER ALLEGES ONLY OPTION ON THE PUMPS WAS TO TURN THE DEVICES OFF. CLINICAL USERS MANAGED TO TURN THE PUMPS BACK ON, HOWEVER HAD TO REPROGRAM ALL THE MEDICATIONS. CUSTOMER HAS REACHED OUT TO PLANT SERVICES FOR INFORMATION REGARDING WHAT HAPPENED AT THE TIME, AND WE WERE TOLD THAT ¿A SQUIRREL FRIED ITSELF AND TOOK OUT C PHASE ON OUR MAIN INCOMING POWERLINE. THERE WAS A SECOND OF INTERRUPTED POWER WHILE OUR ATS TRANSFERRED TO OUR BACKUP POWERLINE.¿ CUSTOMER PULLED THE EVENT LOGS ON THE PCU AND THERE WAS A SECOND OR TWO THAT THE SHOWS THE PUMPS WERE SWITCHING BETWEEN AC AND DC. ERROR CODE SHOWS 121.2000 AT THE TIME. A REPORT WAS RECEIVED FROM HEALTH CANADA'S CANADA VIGILANCE PROGRAM WHICH STATES, ""HOSPITAL WIDE POWER OUTAGE - ALL PUMPS PLUGGED INTO RED POWER PORTS, AND NO EVIDENCE OF BATTERY DEPLETION. PATIENTS IV PUMPS X3 HAD A FULL SYSTEM FAILURE. 9 CHANNELS INFUSING WITH LIFE SUSTAINING MEDICATIONS. COMPLETE FAILURE RESULTING IN NO LIFE SUSTAINING MEDICATIONS CLEARLY DELIVERED TO PATIENT. IN ADDITION, VENTILATOR STOPPED MOMENTARILY, AS WELL AS ALL CARDIAC MONITORS. IMMEDIATE HARM TO PATIENT, WITH UNKNOWN CONSEQUENCES AND MONITORING. IV PUMPS FULLY FAILED, WITH NO BACK UP SUPPORT OR BATTERY LIFE NOTED. IV ""PUMPS"" REQUIRED COMPLETE RESET RESULTING IN IMMEDIATE HARM TO PATIENT. PHYSICIANS X2 ENTERED ROOM, PROVIDED IV PUSH EPINEPHRINE, AND CRASH CART HAD TO BE PLACED IN ROOM. RTS ENTERED ROOM, AS WELL AS 4 RNS TO SUPPORT LIFE SUSTAINING MEASURES, AND RE-PROGRAM ALL 9 CHANNELS. PRIMARY PHYSICIAN AWARE AND WITH PATIENT AT TIME. FULL PUMP FAILURE WITH POWER OUTAGE, NO BACK UP OR BATTERY BACKUP STARTED. FULL PUMP FAILURE REQUIRING SYSTEM RESTART"" AFTER EXTENSIVE FOLLOW UP, THE CUSTOMER PROVIDED ADDITIONAL INFORMATION: THE PATIENT HAD BEEN ADMITTED FOR DECOMPENSATED LIVER FAILURE. FOLLOWING THE EVENT AT APPROXIMATELY 0905, THE PATIENTS SYSTOLIC BLOOD PRESSURE DECREASED FROM 76MMHG TO 50MMHG WITHIN 20 SECONDS OF PUMP FAILURE. BEFORE THE EVENT AT 0900, AMBULATORY BLOOD PRESSURE WAS 76/42(53) MMHG. THE INTENSIVIST ADMINISTERED EPINEPHRINE 50MCG IVP AT APPROXIMATELY 0906 TO SUPPORT BP WHILE CLINICIANS WORKED TO RE-PROGRAM VASOPRESSOR AGENTS PREVIOUSLY RUNNING IN IV PUMPS. ABP INCREASED TO 79/42(55) MMHG POST ADMINISTRATION OF IVP EPINEPHRINE. THE PATIENT WAS ALSO RECEIVING THE FOLLOWING MEDICATIONS. OCTREOTIDE AT 10MCG/HOUR (FLOW RATE 10ML/HOUR). VASOPRESSIN AT 0.04UNITS/MINUTE (FLOW RATE 12ML/HOUR). NOREPINEPHRINE AT 60MCG/MINUTE (FLOW RATE 56ML/HOUR). PROPOFOL AT 15MCG/KG/MINUTE (FLOW RATE 7ML/HOUR). SODIUM BICARBONATE AT 25MMOL/HOUR (FLOW RATE 25ML/HOUR). FENTANYL AT 100MCG/HOUR (FLOW RATE 10ML/HOUR). EPINEPHRINE AT 10MCG/MINUTE (FLOW RATE 50ML/HOUR). ALBUMIN 25% AT 100ML/HOUR. IT WAS REPORTED BY CUSTOMER THAT THREE (3) PUMPS WITH ELEVEN (11) MODULES ATTACHED DISPLAYED A SYSTEM FAILURE AND ALL OF THEM STOPPED INFUSING. CUSTOMER ALLEGES ONLY OPTION ON THE PUMPS WAS TO TURN THE DEVICES OFF. CLINICAL USERS MANAGED TO TURN THE PUMPS BACK ON, HOWEVER HAD TO REPROGRAM ALL THE MEDICATIONS. CUSTOMER HAS REACHED OUT TO PLANT SERVICES FOR INFORMATION REGARDING WHAT HAPPENED AT THE TIME, AND WE WERE TOLD THAT ¿A SQUIRREL FRIED ITSELF AND TOOK OUT C PHASE ON OUR MAIN INCOMING POWERLINE. THERE WAS A SECOND OF INTERRUPTED POWER WHILE OUR ATS TRANSFERRED TO OUR BACKUP POWERLINE.¿ CUSTOMER PULLED THE EVENT LOGS ON THE PCU AND THERE WAS A SECOND OR TWO THAT THE SHOWS THE PUMPS WERE SWITCHING BETWEEN AC AND DC. ERROR CODE SHOWS 121.2000 AT THE TIME. A REPORT WAS RECEIVED FROM HEALTH CANADA'S CANADA VIGILANCE PROGRAM WHICH STATES, ""HOSPITAL WIDE POWER OUTAGE - ALL PUMPS PLUGGED INTO RED POWER PORTS, AND NO EVIDENCE OF BATTERY DEPLETION. PATIENTS IV PUMPS X3 HAD A FULL SYSTEM FAILURE. 9 CHANNELS INFUSING WITH LIFE SUSTAINING MEDICATIONS. COMPLETE FAILURE RESULTING IN NO LIFE SUSTAINING MEDICATIONS CLEARLY DELIVERED TO PATIENT. IN ADDITION, VENTILATOR STOPPED MOMENTARILY, AS WELL AS ALL CARDIAC MONITORS. IMMEDIATE HARM TO PATIENT, WITH UNKNOWN CONSEQUENCES AND MONITORING. IV PUMPS FULLY FAILED, WITH NO BACK UP SUPPORT OR BATTERY LIFE NOTED. IV PUMPES REQUIRED COMPLETE RESET RESULTING IN IMMEDIATE HARM TO PATIENT. PHYSICIANS X2 ENTERED ROOM, PROVIDED IV PUSH EPINEPHRINE, AND CRASH CART HAD TO BE PLACED IN ROOM. RTS ENTERED ROOM, AS WELL AS 4 RNS TO SUPPORT LIFE SUSTAINING MEASURES, AND RE-PROGRAM ALL 9 CHANNELS. PRIMARY PHYSICIAN AWARE AND WITH PATIENT AT TIME. FULL PUMP FAILURE WITH POWER OUTAGE, NO BACK UP OR BATTERY BACKUP STARTED. FULL PUMP FAILURE REQUIRING SYSTEM RESTART"" AFTER EXTENSIVE FOLLOW UP, THE CUSTOMER PROVIDED ADDITIONAL INFORMATION: THE PATIENT HAD BEEN ADMITTED FOR DECOMPENSATED LIVER FAILURE. FOLLOWING THE EVENT AT APPROXIMATELY 0905, THE PATIENTS SYSTOLIC BLOOD PRESSURE DECREASED FROM 76MMHG TO 50MMHG WITHIN 20 SECONDS OF PUMP FAILURE. BEFORE THE EVENT AT 0900, AMBULATORY BLOOD PRESSURE WAS 76/42(53)MMHG. THE INTENSIVIST ADMINISTERED EPINEPHRINE 50MCG IVP AT APPROXIMATELY 0906 TO SUPPORT BP WHILE CLINICIANS WORKED TO RE-PROGRAM VASOPRESSOR AGENTS PREVIOUSLY RUNNING IN IV PUMPS. ABP INCREASED TO 79/42(55)MMHG POST ADMINISTRATION OF IVP EPINEPHRINE. THE PATIENT WAS ALSO RECEIVING THE FOLLOWING MEDICATIONS. OCTREOTIDE AT 10MCG/HOUR (FLOW RATE 10ML/HOUR) VASOPRESSIN AT 0.04UNITS/MINUTE (FLOW RATE 12ML/HOUR) NOREPINEPHRINE AT 60MCG/MINUTE (FLOW RATE 56ML/HOUR) PROPOFOL AT 15MCG/KG/MINUTE (FLOW RATE 7ML/HOUR) SODIUM BICARBONATE AT 25MMOL/HOUR (FLOW RATE 25ML/HOUR) FENTANYL AT 100MCG/HOUR (FLOW RATE 10ML/HOUR) EPINEPHRINE AT 10MCG/MINUTE (FLOW RATE 50ML/HOUR) ALBUMIN 25% AT 100ML/HOUR.",,Low Blood Pressure/ Hypotension; Low Blood Pressure/ Hypotension,Injury,https://www.accessdata.fda.gov/scripts/cdrh/cfdocs/cfmaude/detail.cfm?mdrfoi__id=23932661,FDA openFDA MAUDE,5ac4796ed9c302e431850e23a82f723ba510dc3e0bfb3f2e7f4d058dd8899343
23932662,2025-12-31,2025-10-08,"PUMP, INFUSION",CAREFUSION SD,8100,FRN,"A COPY OF THE MEDWATCH REPORT FROM FDA WAS RECEIVED, WHICH STATES, ""PATIENT WAS RECEIVING IV FLUIDS VIA ALARIS INFUSION PUMP AND THE CHANNEL FAILED. THE CHANNEL WAS REMOVED FROM SERVICE AND SENT TO BIO MED. THE CHANNEL WAS NOT INFUSING A CRITICAL MEDICATION AT THE TIME."" THERE WAS PATIENT INVOLVEMENT, BUT THE OUTCOME IS UNKNOWN. ALTHOUGH REQUESTED NO ADDITIONAL INFORMATION WILL BE PROVIDED BY THE CUSTOMER, NO DEVICES WILL BE RETURNED. IT WAS REPORTED THAT THE PATIENT WAS RECEIVING IV FLUIDS VIA ALARIS INFUSION PUMP AND THE PUMP FAILED. THE CHANNEL WAS REMOVED FROM SERVICE AND SENT TO BIOMED. THE CHANNEL WAS NOT INFUSING A CRITICAL MEDICATION AT THE TIME. WHAT WAS THE ORIGINAL INTENDED PROCEDURE? THE CHANNEL WOULD INFUSE THE IV FLUIDS WITHOUT FAILURE. WHAT PROBLEM DID THE USER HAVE: DEVICE FAILED (E.G. BROKE, COULDN'T GET IT TO WORK OR STOPPED WORKING); DEVICE MALFUNCTION - THAT IS, THE DEVICE DID NOT HAVE DO WHAT IT WAS SUPPOSED TO DO. THERAPIES BEING USED ON THE PATIENT AT THE TIME OF THE EVENT THAT MAY HAVE CAUSED OR CONTRIBUTED TO THE EVENT: NOT APPLICABLE. THERE WAS PATIENT INVOLVEMENT, HOWEVER OUTCOME IS UNKNOWN. ALTHOUGH REQUESTED NO ADDITIONAL INFORMATION WILL BE PROVIDED BY THE CUSTOMER, NO DEVICES WILL BE RETURNED.",,Insufficient Information; Insufficient Information,Malfunction,https://www.accessdata.fda.gov/scripts/cdrh/cfdocs/cfmaude/detail.cfm?mdrfoi__id=23932662,FDA openFDA MAUDE,6613773189eaddf532ece6c1c27b7294dc363761b4ac322eb94139b28e3214ce
23932663,2025-12-31,2025-12-12,"PUMP, INFUSION",CAREFUSION SD,8015,FRN,"IT WAS REPORTED THAT THE DEVICE HAD BATTERY ISSUE, WILL NOT CHARGE, DEVICE WARM TOO TOUCH, ERROR 121.2002. THERE WAS NO PATIENT INVOLVEMENT.",,"No Clinical Signs, Symptoms or Conditions; No Clinical Signs, Symptoms or Conditions",Malfunction,https://www.accessdata.fda.gov/scripts/cdrh/cfdocs/cfmaude/detail.cfm?mdrfoi__id=23932663,FDA openFDA MAUDE,63c507b4d3197260f6f27dc2256fd1d7f0a57dc0c9b7fab7207dd2a837b458e8
23932664,2025-12-31,2025-12-12,"PUMP, INFUSION",CAREFUSION SD,8110,FRN,IT WAS REPORTED THAT THE DEVICE HAD PLUNGER POSITION ACCURACY FAILED. THERE WAS NO PATIENT INVOLVEMENT.,,"No Clinical Signs, Symptoms or Conditions; No Clinical Signs, Symptoms or Conditions",Malfunction,https://www.accessdata.fda.gov/scripts/cdrh/cfdocs/cfmaude/detail.cfm?mdrfoi__id=23932664,FDA openFDA MAUDE,07f151a7524b7603e89d49fb456fd5fc553a74670d6a61180c3f2924cae4d53b
23932665,2025-12-31,2025-12-11,"PUMP, INFUSION",CAREFUSION SD,8100,FRN,IT WAS REPORTED THAT THE DEVICE HAD ERROR CODE 242.4030 MOTOR FAILURE. THERE WAS NO PATIENT INVOLVEMENT.,,"No Clinical Signs, Symptoms or Conditions; No Clinical Signs, Symptoms or Conditions",Malfunction,https://www.accessdata.fda.gov/scripts/cdrh/cfdocs/cfmaude/detail.cfm?mdrfoi__id=23932665,FDA openFDA MAUDE,922ed76b56ae06ee5bfeeee9cced61799a07bd241ffb715b4f351683f5f37aef
23932666,2025-12-31,2025-12-12,"PUMP, INFUSION",CAREFUSION SD,8100,FRN,IT WAS REPORTED THAT THE DEVICE HAD ERROR CODE 242.4030. THERE WAS NO PATIENT INVOLVEMENT.,,"No Clinical Signs, Symptoms or Conditions; No Clinical Signs, Symptoms or Conditions",Malfunction,https://www.accessdata.fda.gov/scripts/cdrh/cfdocs/cfmaude/detail.cfm?mdrfoi__id=23932666,FDA openFDA MAUDE,ba4cf2672c38afde8d6340f148d57d6550a4ddddf06e3fd1a357a485ce7b05a7
23932672,2025-12-31,2025-12-04,"PUMP, INFUSION",CAREFUSION SD,8015,FRN,IT WAS REPORTED BY THE CUSTOMER THAT THERE WAS A TAMPER SWITCH STUCK CLOSED SYSTEM ERROR (ERROR CODE: 132.3000) WHEN POWERING ON THE DEVICE. THERE WAS NO PATIENT INVOLVEMENT.,,"No Clinical Signs, Symptoms or Conditions; No Clinical Signs, Symptoms or Conditions",Malfunction,https://www.accessdata.fda.gov/scripts/cdrh/cfdocs/cfmaude/detail.cfm?mdrfoi__id=23932672,FDA openFDA MAUDE,754d299c0e800b432d3f0119c945fa4ee69a68e4de401aa6b1fcacf6b9775222
23932676,2025-12-31,2025-12-15,"PUMP, INFUSION",CAREFUSION SD,8100,FRN,IT WAS REPORTED THAT THE DEVICE HAD ERROR CODE: 242.4030. THERE WAS NO PATIENT INVOLVEMENT.,,"No Clinical Signs, Symptoms or Conditions; No Clinical Signs, Symptoms or Conditions",Malfunction,https://www.accessdata.fda.gov/scripts/cdrh/cfdocs/cfmaude/detail.cfm?mdrfoi__id=23932676,FDA openFDA MAUDE,35e5a3a4a2e6cfe494128420d1d14356cc48f95ca891e390e3e52bb5fdbb08e2
23932682,2025-12-31,2025-12-17,"PUMP, INFUSION",CAREFUSION SD,8100,FRN,IT WAS REPORTED THAT THE DEVICE HAD UNKNOWN ISSUE. THERE WAS NO PATIENT INVOLVEMENT.,,"No Clinical Signs, Symptoms or Conditions; No Clinical Signs, Symptoms or Conditions",Malfunction,https://www.accessdata.fda.gov/scripts/cdrh/cfdocs/cfmaude/detail.cfm?mdrfoi__id=23932682,FDA openFDA MAUDE,9978143fa051eacec74e96b06cf3bc6573ed15d8458e98182777e3583522b45e
23932684,2025-12-31,2025-12-09,"PUMP, INFUSION",CAREFUSION SD,8100,FRN,"IT WAS REPORTED THAT THE MEDICATION ADMINISTERED OVER EIGHTEEN (18) MINUTES INSTEAD OF THE STANDARD THIRTY (30) MINUTES. THERE WAS PATIENT INVOLVEMENT, BUT NO HARM. UPON DUE DILIGENCE WITH CUSTOMER REPORTED, A ROUTINE ORDER OF PEMBROLIZUMAB 200MG/57ML WAS PROGRAMMED TO INFUSE AT 130ML/HR WITH A VOLUME TO BE INFUSED (VTBI) OF 65ML/HR MANUALLY VIA GUARDRAILS. THE INFUSION COMPLETED IN EIGHTEEN (18) MINUTES.",,"No Clinical Signs, Symptoms or Conditions; No Clinical Signs, Symptoms or Conditions",Malfunction,https://www.accessdata.fda.gov/scripts/cdrh/cfdocs/cfmaude/detail.cfm?mdrfoi__id=23932684,FDA openFDA MAUDE,3fcc29d323f08a15e18d30367446f8e748b4dd0d584b1690c85be763a3564a57
23932686,2025-12-31,2025-12-16,"PUMP, INFUSION",CAREFUSION SD,8100,FRN,IT WAS REPORTED THAT THE DEVICE HAD UNIT GIVING ERROR: 240.4150 CODES. THERE WAS NO PATIENT INVOLVEMENT.,,"No Clinical Signs, Symptoms or Conditions; No Clinical Signs, Symptoms or Conditions",Malfunction,https://www.accessdata.fda.gov/scripts/cdrh/cfdocs/cfmaude/detail.cfm?mdrfoi__id=23932686,FDA openFDA MAUDE,d993188bb07ca7a8ab59cc4eed0ae328363e5efbc2c27f69f46b31039122fee3
23932692,2025-12-31,2025-12-12,"PUMP, INFUSION",CAREFUSION SD,8015,FRN,IT WAS REPORTED THAT THE DEVICE HAD CODE 600.6825. THERE WAS NO PATIENT INVOLVEMENT.,,"No Clinical Signs, Symptoms or Conditions; No Clinical Signs, Symptoms or Conditions",Malfunction,https://www.accessdata.fda.gov/scripts/cdrh/cfdocs/cfmaude/detail.cfm?mdrfoi__id=23932692,FDA openFDA MAUDE,9c0921cec32b0e0b439d7c3b781abbf3ecc435acf96fddf255f43ef8c2f834dc
23932693,2025-12-31,2025-12-22,"PUMP, INFUSION",CAREFUSION SD,8015,FRN,IT WAS REPORTED THAT A FAILURE WAS OBSERVED DURING A PLANNED PREVENTIVE MAINTENANCE OR RECALL REMEDIATION SERVICE EVENT. THERE WAS NO REPORTED PATIENT INVOLVEMENT.,,"No Clinical Signs, Symptoms or Conditions; No Clinical Signs, Symptoms or Conditions",Malfunction,https://www.accessdata.fda.gov/scripts/cdrh/cfdocs/cfmaude/detail.cfm?mdrfoi__id=23932693,FDA openFDA MAUDE,409c256c99b926abf0a89c6d87132154469e197ed44bfa4f4f0c67d9b54eba45
23932694,2025-12-31,2025-12-22,"PUMP, INFUSION",CAREFUSION SD,8100,FRN,"IT WAS REPORTED THAT A FAILURE WAS OBSERVED DURING A PLANNED PREVENTATIVE MAINTENANCE, RECALL REMEDIATION, OR REPAIR ORDER SERVICE EVENT. [REPAIR MULTI-DEVICE]; [REPAIR MULTI-DEVICE]. THERE WAS NO REPORTED PATIENT INVOLVEMENT.",,"No Clinical Signs, Symptoms or Conditions; No Clinical Signs, Symptoms or Conditions",Malfunction,https://www.accessdata.fda.gov/scripts/cdrh/cfdocs/cfmaude/detail.cfm?mdrfoi__id=23932694,FDA openFDA MAUDE,468a8a9860e3faf2d4558e6c8b8264a4806d4978244c6746c223f5932cff8002
23932695,2025-12-31,2025-12-17,"PUMP, INFUSION",CAREFUSION SD,8100,FRN,IT WAS REPORTED THAT THE DEVICE HAD UNKNOWN / NOT PROVIDED ISSUE. THERE WAS NO PATIENT INVOLVEMENT.,,"No Clinical Signs, Symptoms or Conditions; No Clinical Signs, Symptoms or Conditions",Malfunction,https://www.accessdata.fda.gov/scripts/cdrh/cfdocs/cfmaude/detail.cfm?mdrfoi__id=23932695,FDA openFDA MAUDE,0997137694836ccc3f1101df507de91b8c869b241412f344bfdffe22d7a87b9e
23932696,2025-12-31,2025-12-09,"PUMP, INFUSION",CAREFUSION SD,8015,FRN,IT WAS REPORTED THAT THE DEVICE HAD FAILED CHECK IN - LOOSE PART RATTLING AROUND IN THE INSIDE. THERE WAS NO PATIENT INVOLVEMENT.,,"No Clinical Signs, Symptoms or Conditions; No Clinical Signs, Symptoms or Conditions",Malfunction,https://www.accessdata.fda.gov/scripts/cdrh/cfdocs/cfmaude/detail.cfm?mdrfoi__id=23932696,FDA openFDA MAUDE,421bb1a4d24144dcf995c40e84fbada19887e1aa6fe651eaf1cfb8a40d685dfe
23932697,2025-12-31,2025-12-17,"PUMP, INFUSION",CAREFUSION SD,8100,FRN,IT WAS REPORTED THAT THE DEVICE HAD UNKNOWN ISSUE. THERE WAS NO PATIENT INVOLVEMENT.,,"No Clinical Signs, Symptoms or Conditions; No Clinical Signs, Symptoms or Conditions",Malfunction,https://www.accessdata.fda.gov/scripts/cdrh/cfdocs/cfmaude/detail.cfm?mdrfoi__id=23932697,FDA openFDA MAUDE,9978143fa051eacec74e96b06cf3bc6573ed15d8458e98182777e3583522b45e
23932698,2025-12-31,2025-12-17,"PUMP, INFUSION",CAREFUSION SD,8100,FRN,IT WAS REPORTED THAT THE DEVICE HAD UNKNOWN ISSUE. THERE WAS NO PATIENT INVOLVEMENT.,,"No Clinical Signs, Symptoms or Conditions; No Clinical Signs, Symptoms or Conditions",Malfunction,https://www.accessdata.fda.gov/scripts/cdrh/cfdocs/cfmaude/detail.cfm?mdrfoi__id=23932698,FDA openFDA MAUDE,9978143fa051eacec74e96b06cf3bc6573ed15d8458e98182777e3583522b45e
23932699,2025-12-31,2025-11-17,"PUMP, INFUSION",CAREFUSION SD,8100,FRN,IT WAS REPORTED THAT THE DEVICE HAD ERROR MESSAGE - 'SOFTWARE FAULT'. THERE WAS NO PATIENT INVOLVEMENT.,,"No Clinical Signs, Symptoms or Conditions; No Clinical Signs, Symptoms or Conditions",Malfunction,https://www.accessdata.fda.gov/scripts/cdrh/cfdocs/cfmaude/detail.cfm?mdrfoi__id=23932699,FDA openFDA MAUDE,4716206b7b87b3903021392b478e482bef46ed69577836b512eb694a45a4be96
23932715,2025-12-31,2025-12-07,"PUMP, INFUSION",MEDTRONIC PUERTO RICO OPERATIONS CO.,MMT-332A,FRN,"IT WAS REPORTED TO MEDTRONIC MINIMED THAT THE CUSTOMER RECEIVED INSULIN FLOW BLOCK ALARM. THE CUSTOMER REPORTED NO ADVERSE EVENT. THE EVENT INVOLVED PRODUCT(S) MMT-332A, MMT-397A. TROUBLESHOOTING WAS PERFORMED AND INSULIN DID NOT EXIT WITH GREATER RESSISTANCE. NO HARM REQUIRING MEDICAL INTERVENTION WAS REPORTED. IT WAS UNKNOWN WHETHER THE CUSTOMER WILL CONTINUE TO USE THE DEVICE. NO PRODUCT RETURN IS REQUIRED FOR MMT-332A, MMT-397A.",,"No Clinical Signs, Symptoms or Conditions; No Clinical Signs, Symptoms or Conditions",Malfunction,https://www.accessdata.fda.gov/scripts/cdrh/cfdocs/cfmaude/detail.cfm?mdrfoi__id=23932715,FDA openFDA MAUDE,f54096ac5176f13070fa4f1047c6f6d9898eaf81930b5ec562bdf8eae7c004e8
23932815,2025-12-31,2025-12-10,"PUMP, INFUSION",CAREFUSION SD,8100,FRN,"IT WAS REPORTED THAT A FAILURE WAS OBSERVED DURING A PLANNED PREVENTATIVE MAINTENANCE, RECALL REMEDIATION, OR REPAIR ORDER SERVICE EVENT. [DEPOT REPAIR];[BROKEN DOOR, BOTH PRESSURE SENSORS, BEEPING,]. THERE WAS NO REPORTED PATIENT INVOLVEMENT. IT WAS REPORTED THAT A FAILURE WAS OBSERVED DURING A PLANNED PREVENTATIVE MAINTENANCE, RECALL REMEDIATION, OR REPAIR ORDER SERVICE EVENT. [[SERVICE TYPE]];[BROKEN DOOR, BOTH PRESSURE SENSORS, BEEPING,]. THERE WAS NO REPORTED PATIENT INVOLVEMENT.",,"No Clinical Signs, Symptoms or Conditions; No Clinical Signs, Symptoms or Conditions",Malfunction,https://www.accessdata.fda.gov/scripts/cdrh/cfdocs/cfmaude/detail.cfm?mdrfoi__id=23932815,FDA openFDA MAUDE,d63f6ccb55ccac9ca9df37ad37cfff5281759bf7429f8e447c4eaa9c5e40534a
23932816,2025-12-31,2025-12-10,"PUMP, INFUSION",CAREFUSION SD,8110,FRN,"IT WAS REPORTED THAT A FAILURE WAS OBSERVED DURING A PLANNED PREVENTATIVE MAINTENANCE, RECALL REMEDIATION, OR REPAIR ORDER SERVICE EVENT. [[SERVICE TYPE]]; [PLUNGER POSITION SENSOR, BROKEN PRESSURE DISC DOME]. THERE WAS NO REPORTED PATIENT INVOLVEMENT. IT WAS REPORTED THAT A FAILURE WAS OBSERVED DURING A PLANNED PREVENTATIVE MAINTENANCE, RECALL REMEDIATION, OR REPAIR ORDER SERVICE EVENT. [DEPOT REPAIR];[PLUNGER POSITION SENSOR, BROKEN PRESSURE DISC DOME]. THERE WAS NO REPORTED PATIENT INVOLVEMENT. IT WAS REPORTED THAT A FAILURE WAS OBSERVED DURING A PLANNED PREVENTATIVE MAINTENANCE, RECALL REMEDIATION, OR REPAIR ORDER SERVICE EVENT. [[SERVICE TYPE]];[PLUNGER POSITION SENSOR, BROKEN PRESSURE DISC DOME]. THERE WAS NO REPORTED PATIENT INVOLVEMENT.",,"No Clinical Signs, Symptoms or Conditions; No Clinical Signs, Symptoms or Conditions",Malfunction,https://www.accessdata.fda.gov/scripts/cdrh/cfdocs/cfmaude/detail.cfm?mdrfoi__id=23932816,FDA openFDA MAUDE,b3c43e76a42afa69f1b3fa833b8444ae70180613fd810bedd60ceb12a4784f31
23932817,2025-12-31,2025-12-10,"PUMP, INFUSION",CAREFUSION SD,8100,FRN,IT WAS REPORTED THAT THE DEVICE HAD ERROR CODE 242.4030. THERE WAS NO PATIENT INVOLVEMENT.,,"No Clinical Signs, Symptoms or Conditions; No Clinical Signs, Symptoms or Conditions",Malfunction,https://www.accessdata.fda.gov/scripts/cdrh/cfdocs/cfmaude/detail.cfm?mdrfoi__id=23932817,FDA openFDA MAUDE,ba4cf2672c38afde8d6340f148d57d6550a4ddddf06e3fd1a357a485ce7b05a7
23932819,2025-12-31,2025-12-10,"PUMP, INFUSION",CAREFUSION SD,8100,FRN,IT WAS REPORTED THAT THE DEVICE HAD FAILED PATIENT SIDE OCCLUSION. THERE WAS NO PATIENT INVOLVEMENT.,,"No Clinical Signs, Symptoms or Conditions; No Clinical Signs, Symptoms or Conditions",Malfunction,https://www.accessdata.fda.gov/scripts/cdrh/cfdocs/cfmaude/detail.cfm?mdrfoi__id=23932819,FDA openFDA MAUDE,eb63e4d2fe28e197e15e4bb12f98eefcd48cf2ebbe649dc6f0b5c1d2eedf455c
23932820,2025-12-31,2025-12-10,"PUMP, INFUSION",CAREFUSION SD,8100,FRN,IT WAS REPORTED THAT THE DEVICE HAD ERROR CODE 242.4030. THERE WAS NO PATIENT INVOLVEMENT.,,"No Clinical Signs, Symptoms or Conditions; No Clinical Signs, Symptoms or Conditions",Malfunction,https://www.accessdata.fda.gov/scripts/cdrh/cfdocs/cfmaude/detail.cfm?mdrfoi__id=23932820,FDA openFDA MAUDE,ba4cf2672c38afde8d6340f148d57d6550a4ddddf06e3fd1a357a485ce7b05a7
23932821,2025-12-31,2025-12-10,"PUMP, INFUSION",CAREFUSION SD,8100,FRN,IT WAS REPORTED THAT THE DEVICE HAD KEEPS ALARMING AIR IN LINE. THERE WAS NO PATIENT INVOLVEMENT. IT WAS REPORTED THAT THE DEVICE HAD KEEPS ALARMING AIR IN LINE.. THERE WAS NO PATIENT INVOLVEMENT.,,"No Clinical Signs, Symptoms or Conditions; No Clinical Signs, Symptoms or Conditions",Malfunction,https://www.accessdata.fda.gov/scripts/cdrh/cfdocs/cfmaude/detail.cfm?mdrfoi__id=23932821,FDA openFDA MAUDE,231adba24a8584a13fd7d60b6af6421d7ffb3dab50eb1d3a060c245ee7544e4d
23932822,2025-12-31,2025-12-10,"PUMP, INFUSION",CAREFUSION SD,8100,FRN,IT WAS REPORTED THAT THE DEVICE HAD ERROR CODE 13-1064-1229. THERE WAS NO PATIENT INVOLVEMENT.,,"No Clinical Signs, Symptoms or Conditions; No Clinical Signs, Symptoms or Conditions",Malfunction,https://www.accessdata.fda.gov/scripts/cdrh/cfdocs/cfmaude/detail.cfm?mdrfoi__id=23932822,FDA openFDA MAUDE,6b59630191af3a9a655d23bd49cfeae20d838200a4b5d2bfeb82a9376fe76811
23932834,2025-12-31,2025-12-10,"PUMP, INFUSION",CAREFUSION SD,8110,FRN,IT WAS REPORTED THAT THE DEVICE HAD DRIVE HEAD NOT MOVING. THERE WAS NO PATIENT INVOLVEMENT.,,"No Clinical Signs, Symptoms or Conditions; No Clinical Signs, Symptoms or Conditions",Malfunction,https://www.accessdata.fda.gov/scripts/cdrh/cfdocs/cfmaude/detail.cfm?mdrfoi__id=23932834,FDA openFDA MAUDE,b508708e7512469f85139068b4314342b5c038f86e4f8d583f5758cf2aaba139
23932836,2025-12-31,2025-12-10,"PUMP, INFUSION",CAREFUSION SD,8100,FRN,"IT WAS REPORTED THAT A FAILURE WAS OBSERVED DURING A PLANNED PREVENTATIVE MAINTENANCE, RECALL REMEDIATION, OR REPAIR ORDER SERVICE EVENT. [REPAIR MULTI-DEVICE];[REPAIR MULTI-DEVICE]. THERE WAS NO REPORTED PATIENT INVOLVEMENT.",,"No Clinical Signs, Symptoms or Conditions; No Clinical Signs, Symptoms or Conditions",Malfunction,https://www.accessdata.fda.gov/scripts/cdrh/cfdocs/cfmaude/detail.cfm?mdrfoi__id=23932836,FDA openFDA MAUDE,c470ccd5cb355e14a79ece99fca8bb2e965de956bfd878d9f30eb0d04860ff41
23932837,2025-12-31,2025-12-10,"PUMP, INFUSION",CAREFUSION SD,8100,FRN,IT WAS REPORTED THAT THE DEVICE HAD CHECK IV SET CANNOT BE RECOVERED. THERE WAS NO PATIENT INVOLVEMENT.,,"No Clinical Signs, Symptoms or Conditions; No Clinical Signs, Symptoms or Conditions",Malfunction,https://www.accessdata.fda.gov/scripts/cdrh/cfdocs/cfmaude/detail.cfm?mdrfoi__id=23932837,FDA openFDA MAUDE,c305599c0089f0b581fa5492036e1dcffc4e0e029039495d5fa30754fa1ac02a
23932838,2025-12-31,2025-12-23,"PUMP, INFUSION",CAREFUSION SD,8100,FRN,IT WAS REPORTED THAT A FAILURE WAS OBSERVED DURING A PLANNED PREVENTIVE MAINTENANCE OR RECALL REMEDIATION SERVICE EVENT. THERE WAS NO REPORTED PATIENT INVOLVEMENT.,,"No Clinical Signs, Symptoms or Conditions; No Clinical Signs, Symptoms or Conditions",Malfunction,https://www.accessdata.fda.gov/scripts/cdrh/cfdocs/cfmaude/detail.cfm?mdrfoi__id=23932838,FDA openFDA MAUDE,409c256c99b926abf0a89c6d87132154469e197ed44bfa4f4f0c67d9b54eba45
23932839,2025-12-31,2025-12-06,"PUMP, INFUSION",CAREFUSION SD,8015,FRN,"IT WAS REPORTED THAT THE 8015 PC UNIT TURNED OFF THREE (3) TIMES DURING USE. BD RECEIVED ADDITIONAL INFORMATION ON 11 DECEMBER 2025 THROUGH DUE DILIGENCE ATTEMPTS. THE EVENT OCCURRED ON 06 DECEMBER 2025 AT 7:14AM. IT WAS REPORTED THAT THE ISSUE OCCURRED ""AS SOON AS IT WAS READY TO BE USED FOR THE PATIENT'S MEDICATION"" AND ""NOTHING WAS BEING INFUSED AT THE TIME"". THERE WAS NO PATIENT HARM OR INJURY ACCORDING TO THE REPORT.",,"No Clinical Signs, Symptoms or Conditions; No Clinical Signs, Symptoms or Conditions",Malfunction,https://www.accessdata.fda.gov/scripts/cdrh/cfdocs/cfmaude/detail.cfm?mdrfoi__id=23932839,FDA openFDA MAUDE,3fbe3f4ac4a3f4bdd1c578c98fcdff5a058e1232fda03be58937a737738bed26
23932840,2025-12-31,2025-12-23,"PUMP, INFUSION",CAREFUSION SD,8100,FRN,IT WAS REPORTED THAT A FAILURE WAS OBSERVED DURING A PLANNED PREVENTIVE MAINTENANCE OR RECALL REMEDIATION SERVICE EVENT. THERE WAS NO REPORTED PATIENT INVOLVEMENT.,,"No Clinical Signs, Symptoms or Conditions; No Clinical Signs, Symptoms or Conditions",Malfunction,https://www.accessdata.fda.gov/scripts/cdrh/cfdocs/cfmaude/detail.cfm?mdrfoi__id=23932840,FDA openFDA MAUDE,409c256c99b926abf0a89c6d87132154469e197ed44bfa4f4f0c67d9b54eba45
23932841,2025-12-31,2025-12-23,"PUMP, INFUSION",CAREFUSION SD,8100,FRN,IT WAS REPORTED THAT A FAILURE WAS OBSERVED DURING A PLANNED PREVENTIVE MAINTENANCE OR RECALL REMEDIATION SERVICE EVENT. THERE WAS NO REPORTED PATIENT INVOLVEMENT.,,"No Clinical Signs, Symptoms or Conditions; No Clinical Signs, Symptoms or Conditions",Malfunction,https://www.accessdata.fda.gov/scripts/cdrh/cfdocs/cfmaude/detail.cfm?mdrfoi__id=23932841,FDA openFDA MAUDE,409c256c99b926abf0a89c6d87132154469e197ed44bfa4f4f0c67d9b54eba45
23932842,2025-12-31,2025-12-10,"PUMP, INFUSION",CAREFUSION SD,8110,FRN,IT WAS REPORTED THAT THE DEVICE HAD FAILED BINARY SWITCHES. THERE WAS NO PATIENT INVOLVEMENT.,,"No Clinical Signs, Symptoms or Conditions; No Clinical Signs, Symptoms or Conditions",Malfunction,https://www.accessdata.fda.gov/scripts/cdrh/cfdocs/cfmaude/detail.cfm?mdrfoi__id=23932842,FDA openFDA MAUDE,d79e84e417dd7d674798d35880b6d54940f9248ca6ac46e6d9bea72c60406595
23932843,2025-12-31,2025-12-10,"PUMP, INFUSION",CAREFUSION SD,8015,FRN,IT WAS REPORTED THAT THE DEVICE HAD BROKEN FRONT COVER & KEYPAD ISSUE. THERE WAS NO PATIENT INVOLVEMENT.,,"No Clinical Signs, Symptoms or Conditions; No Clinical Signs, Symptoms or Conditions",Malfunction,https://www.accessdata.fda.gov/scripts/cdrh/cfdocs/cfmaude/detail.cfm?mdrfoi__id=23932843,FDA openFDA MAUDE,f4f3a9aee1c713838a6af1c799150270a06f085f92298139d8479d81760590f4
23932853,2025-12-31,2025-12-11,"PUMP, INFUSION",CAREFUSION SD,8015,FRN,IT WAS REPORTED THAT THE DEVICE COULD NOT CONNECT TO NETWORK OR SERVER. THERE WAS NO PATIENT INVOLVEMENT.,,"No Clinical Signs, Symptoms or Conditions; No Clinical Signs, Symptoms or Conditions",Malfunction,https://www.accessdata.fda.gov/scripts/cdrh/cfdocs/cfmaude/detail.cfm?mdrfoi__id=23932853,FDA openFDA MAUDE,66a421160d5d6bedeb409c218f3a6ed56ca1fdae9e268130f9bcbe0c80cb5b47
23932933,2025-12-31,2025-12-03,"PUMP, INFUSION",MEDTRONIC PUERTO RICO OPERATIONS CO.,MMT-342,FRN,"IT WAS REPORTED TO MEDTRONIC MINIMED THAT THE CUSTOMER REPORTED A RESERVOIR LEAK. THE CUSTOMER REPORTED NO ADVERSE EVENT. THE EVENT INVOLVED PRODUCT(S) MMT-342. TROUBLESHOOTING WAS PERFORMED, AND LEAK FOUND THROUGH THE 2ND O RING. NO VISIBLE CRACKS/ SPLITS FOUND IN THE BARREL OR MISSING PIECES. NO HARM REQUIRING MEDICAL INTERVENTION WAS REPORTED. NO PRODUCT RETURN IS REQUIRED FOR MMT-342.",,"No Clinical Signs, Symptoms or Conditions; No Clinical Signs, Symptoms or Conditions",Malfunction,https://www.accessdata.fda.gov/scripts/cdrh/cfdocs/cfmaude/detail.cfm?mdrfoi__id=23932933,FDA openFDA MAUDE,0b89ff6b09266e976a359b18f12676181ff2ed6ba8b907d2102ee95945761023
23932958,2025-12-31,2025-12-10,"PUMP, INFUSION",CAREFUSION SD,8100,FRN,"IT WAS REPORTED THAT A FAILURE WAS OBSERVED DURING A PLANNED PREVENTATIVE MAINTENANCE, RECALL REMEDIATION, OR REPAIR ORDER SERVICE EVENT. [DEPOT REPAIR]; [BOTTLE SIDE PRESSURE SENSOR, NO COMMUNICATION TO PUMP, CHANNEL ERROR]. THERE WAS NO REPORTED PATIENT INVOLVEMENT. IT WAS REPORTED THAT A FAILURE WAS OBSERVED DURING A PLANNED PREVENTATIVE MAINTENANCE, RECALL REMEDIATION, OR REPAIR ORDER SERVICE EVENT. [DEPOT REPAIR];[BOTTLE SIDE PRESSURE SENSOR, NO COMMUNICATION TO PUMP, CHANNEL ERROR]. THERE WAS NO REPORTED PATIENT INVOLVEMENT.",,"No Clinical Signs, Symptoms or Conditions; No Clinical Signs, Symptoms or Conditions",Malfunction,https://www.accessdata.fda.gov/scripts/cdrh/cfdocs/cfmaude/detail.cfm?mdrfoi__id=23932958,FDA openFDA MAUDE,c3cb947c156966d2f0c7dfe0bc9bc56af435228c719d83c674feb48235bff2b6
23932961,2025-12-31,2025-12-10,"PUMP, INFUSION",CAREFUSION SD,8100,FRN,IT WAS REPORTED THAT THE DEVICE HAD CHANNEL ERROR MESSAGE. THERE WAS NO PATIENT INVOLVEMENT.,,"No Clinical Signs, Symptoms or Conditions; No Clinical Signs, Symptoms or Conditions",Malfunction,https://www.accessdata.fda.gov/scripts/cdrh/cfdocs/cfmaude/detail.cfm?mdrfoi__id=23932961,FDA openFDA MAUDE,39ec5ea41bc16db46d004b40be514a905a48b2bd2f924383d29ea2982402e71d
23932962,2025-12-31,2025-12-12,"PUMP, INFUSION",CAREFUSION SD,8100,FRN,IT WAS REPORTED THAT THE DEVICE HAD ERROR CODE 242.4030. THERE WAS NO PATIENT INVOLVEMENT.,,"No Clinical Signs, Symptoms or Conditions; No Clinical Signs, Symptoms or Conditions",Malfunction,https://www.accessdata.fda.gov/scripts/cdrh/cfdocs/cfmaude/detail.cfm?mdrfoi__id=23932962,FDA openFDA MAUDE,ba4cf2672c38afde8d6340f148d57d6550a4ddddf06e3fd1a357a485ce7b05a7
23932963,2025-12-31,2025-12-10,"PUMP, INFUSION",CAREFUSION SD,8110,FRN,IT WAS REPORTED THAT THE DEVICE HAD FAILED PLUNGER FORCE TEST. THERE WAS NO PATIENT INVOLVEMENT.,,"No Clinical Signs, Symptoms or Conditions; No Clinical Signs, Symptoms or Conditions",Malfunction,https://www.accessdata.fda.gov/scripts/cdrh/cfdocs/cfmaude/detail.cfm?mdrfoi__id=23932963,FDA openFDA MAUDE,96263c5bdbcf7a1c7a704f4ec360d0fb508ac8f9e5c3a7629d330c585f99c76d
23932964,2025-12-31,2025-12-10,"PUMP, INFUSION",CAREFUSION SD,8015,FRN,IT WAS REPORTED THAT THE DEVICE HAD IUI BOTH COMMUNICATION FAILURE. THERE WAS NO PATIENT INVOLVEMENT.,,"No Clinical Signs, Symptoms or Conditions; No Clinical Signs, Symptoms or Conditions",Malfunction,https://www.accessdata.fda.gov/scripts/cdrh/cfdocs/cfmaude/detail.cfm?mdrfoi__id=23932964,FDA openFDA MAUDE,495214377fe8d9aca0d07f7d06e5a0480d73caff65ab83654c6be8fd44c4a1fa
23932965,2025-12-31,2025-12-10,"PUMP, INFUSION",CAREFUSION SD,8015,FRN,IT WAS REPORTED THAT THE DEVICE HAD TAMPER SWITCH - NOT WORKING. THERE WAS NO PATIENT INVOLVEMENT.,,"No Clinical Signs, Symptoms or Conditions; No Clinical Signs, Symptoms or Conditions",Malfunction,https://www.accessdata.fda.gov/scripts/cdrh/cfdocs/cfmaude/detail.cfm?mdrfoi__id=23932965,FDA openFDA MAUDE,5a5c85d0edb41a97d87825cdf5b58a058b6de454cf5f2ca09cbd5f877b90aee9
23932966,2025-12-31,2025-10-30,"PUMP, INFUSION",CAREFUSION SD,8100,FRN,"IT WAS REPORTED THERE WAS A DISCREPANCY BETWEEN THE MEDICATION VOLUME THAT HAD INFUSED, AND THE VOLUME DISPLAYED ON THE PUMP. THERE WAS PATIENT INVOLVEMENT BUT NO HARM.",,"No Clinical Signs, Symptoms or Conditions; No Clinical Signs, Symptoms or Conditions",Malfunction,https://www.accessdata.fda.gov/scripts/cdrh/cfdocs/cfmaude/detail.cfm?mdrfoi__id=23932966,FDA openFDA MAUDE,0eaae607b5fef6c14cc41c4553e23afb339f49f7604c898cbaee1b8ebf18c7d7
23932967,2025-12-31,2025-12-10,"PUMP, INFUSION",CAREFUSION SD,8100,FRN,IT WAS REPORTED THAT THE DEVICE HAD FAILED PATIENT SIDE OCCLUSION. THERE WAS NO PATIENT INVOLVEMENT.,,"No Clinical Signs, Symptoms or Conditions; No Clinical Signs, Symptoms or Conditions",Malfunction,https://www.accessdata.fda.gov/scripts/cdrh/cfdocs/cfmaude/detail.cfm?mdrfoi__id=23932967,FDA openFDA MAUDE,eb63e4d2fe28e197e15e4bb12f98eefcd48cf2ebbe649dc6f0b5c1d2eedf455c
23932968,2025-12-31,2025-12-16,"PUMP, INFUSION",CAREFUSION SD,8015,FRN,IT WAS REPORTED THAT THE DEVICE HAD BATT READING 5 MINUTES OR LESS WHEN PLUGGED IN. VOLTAGE READING AT 14. THERE WAS NO PATIENT INVOLVEMENT.,,"No Clinical Signs, Symptoms or Conditions; No Clinical Signs, Symptoms or Conditions",Malfunction,https://www.accessdata.fda.gov/scripts/cdrh/cfdocs/cfmaude/detail.cfm?mdrfoi__id=23932968,FDA openFDA MAUDE,da8c214ae2c3ecc40c811cf6569e4d1fe8d6f31d79097ba02b0e739e1a8911f2
23932972,2025-12-31,2025-12-12,"PUMP, INFUSION",CAREFUSION SD,8110,FRN,IT WAS REPORTED THAT THE DEVICE HAD INTERMITTENT SPLIT NUT FAILURE. SOUNDS LIKE SOMETHING IS STICKING INSIDE WHEN THE CARRIAGE IS ALL THE WAY UP. THERE WAS NO PATIENT INVOLVEMENT.,,"No Clinical Signs, Symptoms or Conditions; No Clinical Signs, Symptoms or Conditions",Malfunction,https://www.accessdata.fda.gov/scripts/cdrh/cfdocs/cfmaude/detail.cfm?mdrfoi__id=23932972,FDA openFDA MAUDE,fd8a405c03d054a8d47bff52222ec157f6b6004083fbe5ae5be93b19b037f8c8
23932976,2025-12-31,2025-12-22,"PUMP, INFUSION",CAREFUSION SD,8015,FRN,IT WAS REPORTED THAT A FAILURE WAS OBSERVED DURING A PLANNED PREVENTIVE MAINTENANCE OR RECALL REMEDIATION SERVICE EVENT. THERE WAS NO PATIENT INVOLVEMENT.,,"No Clinical Signs, Symptoms or Conditions; No Clinical Signs, Symptoms or Conditions",Malfunction,https://www.accessdata.fda.gov/scripts/cdrh/cfdocs/cfmaude/detail.cfm?mdrfoi__id=23932976,FDA openFDA MAUDE,3c52315f67337446b8ce95980f2ea4f9789c508000074cefbf4b6defb3f486df
23932985,2025-12-31,2025-12-15,"PUMP, INFUSION",CAREFUSION SD,8015,FRN,IT WAS REPORTED THAT THE DEVICE HAD MISSING POLE CLAMP ASSEMBLY. THERE WAS NO PATIENT INVOLVEMENT.,,"No Clinical Signs, Symptoms or Conditions; No Clinical Signs, Symptoms or Conditions",Malfunction,https://www.accessdata.fda.gov/scripts/cdrh/cfdocs/cfmaude/detail.cfm?mdrfoi__id=23932985,FDA openFDA MAUDE,6dc8466bd8d84303c7a217282fd5e4c72981681cb93e890c0b72ac16fa7ea8af
23932988,2025-12-31,2025-12-17,"PUMP, INFUSION",CAREFUSION SD,8100,FRN,IT WAS REPORTED THAT THE DEVICE HAD UNKNOWN ISSUE. THERE WAS NO PATIENT INVOLVEMENT.,,"No Clinical Signs, Symptoms or Conditions; No Clinical Signs, Symptoms or Conditions",Malfunction,https://www.accessdata.fda.gov/scripts/cdrh/cfdocs/cfmaude/detail.cfm?mdrfoi__id=23932988,FDA openFDA MAUDE,9978143fa051eacec74e96b06cf3bc6573ed15d8458e98182777e3583522b45e
23932990,2025-12-31,2025-12-11,"PUMP, INFUSION",CAREFUSION SD,8015,FRN,IT WAS REPORTED THAT THE DEVICE HAD ERROR 600.6845. THERE WAS NO PATIENT INVOLVEMENT.,,"No Clinical Signs, Symptoms or Conditions; No Clinical Signs, Symptoms or Conditions",Malfunction,https://www.accessdata.fda.gov/scripts/cdrh/cfdocs/cfmaude/detail.cfm?mdrfoi__id=23932990,FDA openFDA MAUDE,5662a27da8dcd68f60beaed237cfaf4990bb6d676fdf3a4ab4fa66a3720bc8e0
23933189,2025-12-31,2025-12-11,"PUMP, INFUSION",CAREFUSION SD,8100,FRN,IT WAS REPORTED THAT THE DEVICE HAD 242.403. THERE WAS NO PATIENT INVOLVEMENT.,,"No Clinical Signs, Symptoms or Conditions; No Clinical Signs, Symptoms or Conditions",Malfunction,https://www.accessdata.fda.gov/scripts/cdrh/cfdocs/cfmaude/detail.cfm?mdrfoi__id=23933189,FDA openFDA MAUDE,08b4b8d0611283a64eb03f94be6b2164808e2443b7b7d77b89cbae072272fd20
23933192,2025-12-31,2025-12-08,"PUMP, INFUSION",CAREFUSION SD,8100,FRN,"IT WAS REPORTED BY THE CUSTOMER THAT THE DEVICES HAD BROKEN BOTTOM LATCHES. THE NUMBER OF BROKEN UNITS HAS DOUBLED, AND IT HAS BEEN DIFFICULT TO KEEP UP WITH THE PARTS NEEDED FOR THESE REPAIRS. THERE WAS NO PATIENT INVOLVEMENT.",,"No Clinical Signs, Symptoms or Conditions; No Clinical Signs, Symptoms or Conditions",Malfunction,https://www.accessdata.fda.gov/scripts/cdrh/cfdocs/cfmaude/detail.cfm?mdrfoi__id=23933192,FDA openFDA MAUDE,d3b9b9b947f0bbefa53578cd7b46a0f51252a4903633521cab7694214587c587
23933196,2025-12-31,2025-12-12,"PUMP, INFUSION",CAREFUSION SD,8015,FRN,IT WAS REPORTED THAT THE DEVICE PCU SCREEN SHOW REPLACE BATTERY. THERE WAS NO PATIENT INVOLVEMENT.,,"No Clinical Signs, Symptoms or Conditions; No Clinical Signs, Symptoms or Conditions",Malfunction,https://www.accessdata.fda.gov/scripts/cdrh/cfdocs/cfmaude/detail.cfm?mdrfoi__id=23933196,FDA openFDA MAUDE,3a9f38108b28159823e7fd2fcd9fcd37cf9a886d64981190693bd51180e3962a
23933199,2025-12-31,2025-12-11,"PUMP, INFUSION",CAREFUSION SD,8110,FRN,IT WAS REPORTED THAT THE DEVICE HAD FAILED PRESSURE CALIBRATION. THERE WAS NO PATIENT INVOLVEMENT.,,"No Clinical Signs, Symptoms or Conditions; No Clinical Signs, Symptoms or Conditions",Malfunction,https://www.accessdata.fda.gov/scripts/cdrh/cfdocs/cfmaude/detail.cfm?mdrfoi__id=23933199,FDA openFDA MAUDE,f6717607e1ba0e4015ae8a209de311fad37fa3c93677d68915d7d2624190994b
23933206,2025-12-31,2025-12-09,"PUMP, INFUSION",CAREFUSION SD,8100,FRN,IT WAS REPORTED THAT THE DEVICE HAD CHANNEL ERROR ALARM. THERE WAS NO PATIENT INVOLVEMENT.,,"No Clinical Signs, Symptoms or Conditions; No Clinical Signs, Symptoms or Conditions",Malfunction,https://www.accessdata.fda.gov/scripts/cdrh/cfdocs/cfmaude/detail.cfm?mdrfoi__id=23933206,FDA openFDA MAUDE,4e52e15b33c71ebc3f538e2c6cf839b29e760f9df11e8e39ed001d21f2715b80
23933209,2025-12-31,2025-12-11,"PUMP, INFUSION",CAREFUSION SD,8015,FRN,IT WAS REPORTED THAT THE DEVICE HAD NEEDS A FULL EVALUATION - UNKNOWN ISSUE. THERE WAS NO PATIENT INVOLVEMENT.,,"No Clinical Signs, Symptoms or Conditions; No Clinical Signs, Symptoms or Conditions",Malfunction,https://www.accessdata.fda.gov/scripts/cdrh/cfdocs/cfmaude/detail.cfm?mdrfoi__id=23933209,FDA openFDA MAUDE,c3792da8bdb0e3a15c34cfea56f3fad68b0c96435c4d3ce581e344444ca5ef20
23933211,2025-12-31,2025-12-12,"PUMP, INFUSION",CAREFUSION SD,8100,FRN,IT WAS REPORTED THAT THE DEVICE HAD ERROR CODE. THERE WAS NO PATIENT INVOLVEMENT.,,"No Clinical Signs, Symptoms or Conditions; No Clinical Signs, Symptoms or Conditions",Malfunction,https://www.accessdata.fda.gov/scripts/cdrh/cfdocs/cfmaude/detail.cfm?mdrfoi__id=23933211,FDA openFDA MAUDE,fb8b94df499e38c0c365ed237c755e2ab12553e257614bc16047ea9a2e833714
23933212,2025-12-31,2025-12-11,"PUMP, INFUSION",CAREFUSION SD,8110,FRN,IT WAS REPORTED THAT THE DEVICE HAD SYRINGE TUBE BENT. THERE WAS NO PATIENT INVOLVEMENT.,,"No Clinical Signs, Symptoms or Conditions; No Clinical Signs, Symptoms or Conditions",Malfunction,https://www.accessdata.fda.gov/scripts/cdrh/cfdocs/cfmaude/detail.cfm?mdrfoi__id=23933212,FDA openFDA MAUDE,e07620f73aa88a8419c9a4125056c21a80533481248a6c030f3c8f65f058a016
23933213,2025-12-31,2025-12-17,"PUMP, INFUSION",CAREFUSION SD,8110,FRN,IT WAS REPORTED THAT THE DEVICE HAD PLUNGER AND FLANGE ERROR/NOT RECOGNIZING THE 10 MM SYRINGE. THERE WAS NO PATIENT INVOLVEMENT.,,"No Clinical Signs, Symptoms or Conditions; No Clinical Signs, Symptoms or Conditions",Malfunction,https://www.accessdata.fda.gov/scripts/cdrh/cfdocs/cfmaude/detail.cfm?mdrfoi__id=23933213,FDA openFDA MAUDE,33600c86065c41f88c8d1327f933a11b24186fb530deed5f43214b3b97821a8b
23933214,2025-12-31,2025-12-11,"PUMP, INFUSION",CAREFUSION SD,8015,FRN,"IT WAS REPORTED THAT THE DEVICE HAD BEEPING WHEN POWER DOWN, ALREADY REPLACED THE BATTERY AND POWER BOARD BUT STILL DID NOT RESOLVE THE ISSUE. THERE WAS NO PATIENT INVOLVEMENT.",,"No Clinical Signs, Symptoms or Conditions; No Clinical Signs, Symptoms or Conditions",Malfunction,https://www.accessdata.fda.gov/scripts/cdrh/cfdocs/cfmaude/detail.cfm?mdrfoi__id=23933214,FDA openFDA MAUDE,4ff4b098ed945b66acf42630f48219df4d52ba9108af38693c9dda12b99754c3
23933215,2025-12-31,2025-12-17,"PUMP, INFUSION",CAREFUSION SD,8015,FRN,IT WAS REPORTED THAT THE DEVICE HAD UNKNOWN ISSUE. THERE WAS NO PATIENT INVOLVEMENT.,,"No Clinical Signs, Symptoms or Conditions; No Clinical Signs, Symptoms or Conditions",Malfunction,https://www.accessdata.fda.gov/scripts/cdrh/cfdocs/cfmaude/detail.cfm?mdrfoi__id=23933215,FDA openFDA MAUDE,9978143fa051eacec74e96b06cf3bc6573ed15d8458e98182777e3583522b45e
23933216,2025-12-31,2025-12-24,"PUMP, INFUSION",CAREFUSION SD,8015,FRN,"IT WAS REPORTED THAT THE FOLLOWING ISSUE WAS OBSERVED ON THE DEVICE: ¿BATTERY NOT HOLDING A CHARGE."". ADDITIONAL NOTES PROVIDED BY THE FACILITY¿S CLINICAL ENGINEERING SUPPORT SERVICES INCLUDE: ""REPLACED BATTERY."". REPORTED PROBLEM CAUSE DESCRIPTION: ""MECHANICAL - ELECTRICAL"". THERE WAS NO REPORTED PATIENT INVOLVEMENT. ALTHOUGH ADDITIONAL INFORMATION AND PRODUCT RETURN HAVE BEEN PREVIOUSLY REQUESTED, THE CUSTOMER PROVIDED A GENERAL STATEMENT THAT ¿NO FURTHER INFORMATION WILL BE PROVIDED, INCLUDING PATIENT DEMOGRAPHICS AND NO PRODUCTS WILL BE RETURNED.¿",,"No Clinical Signs, Symptoms or Conditions; No Clinical Signs, Symptoms or Conditions",Malfunction,https://www.accessdata.fda.gov/scripts/cdrh/cfdocs/cfmaude/detail.cfm?mdrfoi__id=23933216,FDA openFDA MAUDE,b1e0fdd3ff2a701998e06123f3e45acc928c6b910a38332a4ed60e355cccc9df
23933217,2025-12-31,2025-12-24,"PUMP, INFUSION",CAREFUSION SD,8015,FRN,"IT WAS REPORTED THAT THE FOLLOWING ISSUE WAS OBSERVED ON THE DEVICE: ¿THE BOLT ON THE BACK THAT'S MALFUNCTIONING."" . ADDITIONAL NOTES PROVIDED BY THE FACILITY¿S CLINICAL ENGINEERING SUPPORT SERVICES INCLUDE: ""REPLACED MOUNT ON BACK OF BRAIN. RTS."". REPORTED PROBLEM CAUSE DESCRIPTION: ""MECHANICAL - ELECTRICAL"". THERE WAS NO REPORTED PATIENT INVOLVEMENT. ALTHOUGH ADDITIONAL INFORMATION AND PRODUCT RETURN HAVE BEEN PREVIOUSLY REQUESTED, THE CUSTOMER PROVIDED A GENERAL STATEMENT THAT ¿NO FURTHER INFORMATION WILL BE PROVIDED, INCLUDING PATIENT DEMOGRAPHICS AND NO PRODUCTS WILL BE RETURNED.¿",,"No Clinical Signs, Symptoms or Conditions; No Clinical Signs, Symptoms or Conditions",Malfunction,https://www.accessdata.fda.gov/scripts/cdrh/cfdocs/cfmaude/detail.cfm?mdrfoi__id=23933217,FDA openFDA MAUDE,51a684ffe37b1f4ad0c7db1484a6ca3794dd582e625daeb1d7e20863c60ee03a
23933218,2025-12-31,2025-12-24,"PUMP, INFUSION",CAREFUSION SD,8100,FRN,"IT WAS REPORTED THAT THE FOLLOWING ISSUE WAS OBSERVED ON THE DEVICE: REPLACED DAMAGED AIL SENSOR WITH NEW PART AND PERFORMED SAFETY CHECK. ADDITIONAL NOTES PROVIDED BY THE FACILITY¿S CLINICAL ENGINEERING SUPPORT SERVICES INCLUDE: REPLACED DAMAGED DOOR WITH NEW PART AND PERFORMED SAFETY CHECK. REPORTED PROBLEM CAUSE DESCRIPTION: INCIDENTAL. THERE WAS NO REPORTED PATIENT INVOLVEMENT. ALTHOUGH ADDITIONAL INFORMATION AND PRODUCT RETURN HAVE BEEN PREVIOUSLY REQUESTED, THE CUSTOMER PROVIDED A GENERAL STATEMENT THAT NO FURTHER INFORMATION WILL BE PROVIDED, INCLUDING PATIENT DEMOGRAPHICS AND NO PRODUCTS WILL BE RETURNED.",,"No Clinical Signs, Symptoms or Conditions; No Clinical Signs, Symptoms or Conditions",Malfunction,https://www.accessdata.fda.gov/scripts/cdrh/cfdocs/cfmaude/detail.cfm?mdrfoi__id=23933218,FDA openFDA MAUDE,e7d6cdaeb5cc2fae7a5704431c9a7027c25934cdb52bbdd5b28e19ee6f961364
23933219,2025-12-31,2025-12-11,"PUMP, INFUSION",CAREFUSION SD,8015,FRN,"IT WAS REPORTED THAT THE DEVICE COULD NOT CONNECT TO LEFT SIDE CHANNEL, REPLACED IUI BOARD AND TRIED FLASHING BUT STILL DID NOT RESOLVE THE ISSUE. THERE WAS NO PATIENT INVOLVEMENT.",,"No Clinical Signs, Symptoms or Conditions; No Clinical Signs, Symptoms or Conditions",Malfunction,https://www.accessdata.fda.gov/scripts/cdrh/cfdocs/cfmaude/detail.cfm?mdrfoi__id=23933219,FDA openFDA MAUDE,7ad2e70365af782f89c56c915df0ce735f8bb8d964bf278c8a514e4838870c75
23933220,2025-12-31,2025-12-22,"PUMP, INFUSION",CAREFUSION SD,8100,FRN,"IT WAS REPORTED THAT THE FOLLOWING ISSUE WAS OBSERVED ON THE DEVICE: ¿CHANNEL ERROR"". ADDITIONAL NOTES PROVIDED BY THE FACILITY¿S CLINICAL ENGINEERING SUPPORT SERVICES INCLUDE: ""REPLACED PRESSURE SENSORS"". REPORTED PROBLEM CAUSE DESCRIPTION: ""MECHANICAL - ELECTRICAL"". THERE WAS NO REPORTED PATIENT INVOLVEMENT. ALTHOUGH ADDITIONAL INFORMATION AND PRODUCT RETURN HAVE BEEN PREVIOUSLY REQUESTED, THE CUSTOMER PROVIDED A GENERAL STATEMENT THAT ¿NO FURTHER INFORMATION WILL BE PROVIDED, INCLUDING PATIENT DEMOGRAPHICS AND NO PRODUCTS WILL BE RETURNED.¿",,"No Clinical Signs, Symptoms or Conditions; No Clinical Signs, Symptoms or Conditions",Malfunction,https://www.accessdata.fda.gov/scripts/cdrh/cfdocs/cfmaude/detail.cfm?mdrfoi__id=23933220,FDA openFDA MAUDE,8aa951c9f9e6fb9a76388b14d84f5fd3d8af379f2bb04a72679a83530973c7c6
23933221,2025-12-31,2025-12-17,"PUMP, INFUSION",CAREFUSION SD,8100,FRN,IT WAS REPORTED THAT THE DEVICE HAD UNKNOWN ISSUE. THERE WAS NO PATIENT INVOLVEMENT.,,"No Clinical Signs, Symptoms or Conditions; No Clinical Signs, Symptoms or Conditions",Malfunction,https://www.accessdata.fda.gov/scripts/cdrh/cfdocs/cfmaude/detail.cfm?mdrfoi__id=23933221,FDA openFDA MAUDE,9978143fa051eacec74e96b06cf3bc6573ed15d8458e98182777e3583522b45e
23933222,2025-12-31,2025-12-24,"PUMP, INFUSION",CAREFUSION SD,8100,FRN,"IT WAS REPORTED THAT THE FOLLOWING ISSUE WAS OBSERVED ON THE DEVICE: REPLACED DAMAGED AIL SENSOR WITH NEW PART AND PERFORMED SAFETY CHECK. ADDITIONAL NOTES PROVIDED BY THE FACILITY¿S CLINICAL ENGINEERING SUPPORT SERVICES INCLUDE: REPLACED DAMAGED AIL SENSOR WITH NEW PART AND PERFORMED SAFETY CHECK. REPORTED PROBLEM CAUSE DESCRIPTION: INCIDENTAL. THERE WAS NO REPORTED PATIENT INVOLVEMENT. ALTHOUGH ADDITIONAL INFORMATION AND PRODUCT RETURN HAVE BEEN PREVIOUSLY REQUESTED, THE CUSTOMER PROVIDED A GENERAL STATEMENT THAT NO FURTHER INFORMATION WILL BE PROVIDED, INCLUDING PATIENT DEMOGRAPHICS AND NO PRODUCTS WILL BE RETURNED.",,"No Clinical Signs, Symptoms or Conditions; No Clinical Signs, Symptoms or Conditions",Malfunction,https://www.accessdata.fda.gov/scripts/cdrh/cfdocs/cfmaude/detail.cfm?mdrfoi__id=23933222,FDA openFDA MAUDE,5873e6254dd19d3258bf9f9da887e2dc375c48b6e91029209322c850a2d66efb
23933224,2025-12-31,2025-12-24,"PUMP, INFUSION",CAREFUSION SD,8100,FRN,"IT WAS REPORTED THAT THE FOLLOWING ISSUE WAS OBSERVED ON THE DEVICE: ¿NOT CONNECTING TO THE BRAIN, GIVING CHANNEL ERROR MESSAGE."". ADDITIONAL NOTES PROVIDED BY THE FACILITY¿S CLINICAL ENGINEERING SUPPORT SERVICES INCLUDE: ""REPLACED THE IUI CONNECTOR, REPLACED THE UPSTREAM PRESSURE SENSOR AND RAN RATE CALIBRATION TO VERIFY OPERATION."". REPORTED PROBLEM CAUSE DESCRIPTION: ""MECHANICAL - ELECTRICAL"". THERE WAS NO REPORTED PATIENT INVOLVEMENT. ALTHOUGH ADDITIONAL INFORMATION AND PRODUCT RETURN HAVE BEEN PREVIOUSLY REQUESTED, THE CUSTOMER PROVIDED A GENERAL STATEMENT THAT ¿NO FURTHER INFORMATION WILL BE PROVIDED, INCLUDING PATIENT DEMOGRAPHICS AND NO PRODUCTS WILL BE RETURNED.¿.",,"No Clinical Signs, Symptoms or Conditions; No Clinical Signs, Symptoms or Conditions",Malfunction,https://www.accessdata.fda.gov/scripts/cdrh/cfdocs/cfmaude/detail.cfm?mdrfoi__id=23933224,FDA openFDA MAUDE,502565e978e898f7f4aa8bf5f184836acd95068de4900df17e07dbfdfa6b6446
23933433,2025-12-31,2025-12-10,"PUMP, INFUSION",CAREFUSION SD,8100,FRN,IT WAS REPORTED THAT THE DEVICE HAD FAILED PM MULTIPLE TIMES. THERE WAS NO PATIENT INVOLVEMENT.,,"No Clinical Signs, Symptoms or Conditions; No Clinical Signs, Symptoms or Conditions",Malfunction,https://www.accessdata.fda.gov/scripts/cdrh/cfdocs/cfmaude/detail.cfm?mdrfoi__id=23933433,FDA openFDA MAUDE,669bf8532249a380404ab19d27160ae5919ae94f5010ea8403ad65be0f6ef4a1
21050856,2025-01-01,2024-10-25,INFUSION PUMP,EITAN MEDICAL LTD.,,FRN,THE COMPLAINT WAS REPORTED BY A CUSTOMER FROM USA.DELIVERY ISSUE. THE COMPLAINT WAS REPORTED BY A CUSTOMER FROM USA. DELIVERY ISSUE.,,"No Clinical Signs, Symptoms or Conditions; No Clinical Signs, Symptoms or Conditions",Malfunction,https://www.accessdata.fda.gov/scripts/cdrh/cfdocs/cfmaude/detail.cfm?mdrfoi__id=21050856,FDA openFDA MAUDE,1f79b30944e787a1eaeac8135d36118671c409fce0ce627e1f36d9a75ef5d5fc
21050990,2025-01-01,2024-12-21,"PUMP, INFUSION",MEDTRONIC MINIMED,MMT-1030,FRN,IT WAS REPORTED TO MEDTRONIC MINIMED THAT THE CUSTOMER EXPERIENCED AIR BUBBLES ANOMALY. THE CUSTOMER REPORTED NO ADVERSE EVENT. THE EVENT INVOLVED PRODUCT(S) MMT-1030. TROUBLESHOOTING WAS PERFORMED. CONFIRMED USED ROOM TEMPERATURE INSULIN. DID NOT HAVE PLUNGER AVAILABLE TO ATTEMPT PURGING OF AIR BUBBLES. NO HARM REQUIRING MEDICAL INTERVENTION WAS REPORTED. PRODUCT RETURN FOR MMT-1030 IS NOT EXPECTED.,,"No Clinical Signs, Symptoms or Conditions; No Clinical Signs, Symptoms or Conditions",Malfunction,https://www.accessdata.fda.gov/scripts/cdrh/cfdocs/cfmaude/detail.cfm?mdrfoi__id=21050990,FDA openFDA MAUDE,da45a5746babdae2ae9843510a0aa99ad0455da08c8962bfd2f0b79a68376a28
21051183,2025-01-01,2024-11-18,"PUMP, INFUSION","SMITHS MEDICAL ASD, INC.",2120,FRN,"IT WAS REPORTED THAT THE CUSTOMER ORDERED 21-2120-0105-14L PUMP KIT, CADD-SOLIS VIP, MDL 2120, SWEDISH, PHARMGUARD, 1/EA, BUT RECEIVED 21-2111-0402-14L PUMP KIT, CADD-SOLIS, MDL 2110, V4.2, SWEDISH, 1/EA (PIB). SERIAL NUMBERS ARE REGISTERED AS VIP IN INSTALLBASE. THERE WAS NO PATIENT INVOLVEMENT.",,"No Clinical Signs, Symptoms or Conditions; No Clinical Signs, Symptoms or Conditions",Malfunction,https://www.accessdata.fda.gov/scripts/cdrh/cfdocs/cfmaude/detail.cfm?mdrfoi__id=21051183,FDA openFDA MAUDE,5d386b587704258e5b90933ae20ec398638c106f028b804b1c5addf03c6f8582
21051190,2025-01-01,2024-11-18,"PUMP, INFUSION","SMITHS MEDICAL ASD, INC.",2120,FRN,"IT WAS REPORTED THAT THE CUSTOMER ORDERED 21-2120-0105-14L PUMP KIT, CADD-SOLIS VIP, MDL 2120, SWEDISH, PHARMGUARD, 1/EA, BUT RECEIVED 21-2111-0402-14L PUMP KIT, CADD-SOLIS, MDL 2110, V4.2, SWEDISH, 1/EA (PIB). SERIAL NUMBERS ARE REGISTERED AS VIP IN INSTALLBASE. THERE WAS NO PATIENT INVOLVEMENT.",,"No Clinical Signs, Symptoms or Conditions; No Clinical Signs, Symptoms or Conditions",Malfunction,https://www.accessdata.fda.gov/scripts/cdrh/cfdocs/cfmaude/detail.cfm?mdrfoi__id=21051190,FDA openFDA MAUDE,5d386b587704258e5b90933ae20ec398638c106f028b804b1c5addf03c6f8582
21051200,2025-01-01,2024-11-18,"PUMP, INFUSION","SMITHS MEDICAL ASD, INC.",2120,FRN,"IT WAS REPORTED THAT THE CUSTOMER ORDERED 21-2120-0105-14L PUMP KIT, CADD-SOLIS VIP, MDL 2120, SWEDISH, PHARMGUARD, (B)(4) /EA, BUT RECEIVED 21-2111-0402-14L PUMP KIT, CADD-SOLIS, MDL 2110, V4.2, SWEDISH, (B)(4) /EA (PIB). SERIAL NUMBERS ARE REGISTERED AS VIP IN INSTALLBASE. THERE WAS NO PATIENT INVOLVEMENT.",,"No Clinical Signs, Symptoms or Conditions; No Clinical Signs, Symptoms or Conditions",Malfunction,https://www.accessdata.fda.gov/scripts/cdrh/cfdocs/cfmaude/detail.cfm?mdrfoi__id=21051200,FDA openFDA MAUDE,8167e9303e83e3d753cec1283f0c7c841f08c1ab2acff485f2b25beb4400f61d
21051209,2025-01-01,2024-12-19,"PUMP, INFUSION",MEDTRONIC PUERTO RICO OPERATIONS CO.,MMT-342,FRN,IT WAS REPORTED TO MEDTRONIC MINIMED THAT THE CUSTOMER EXPERIENCED OCCLUDED. THE CUSTOMER REPORTED NO ADVERSE EVENT. THE EVENT INVOLVED PRODUCT(S) MMT-342. TROUBLESHOOTING WAS PERFORMED. CUSTOMER REPORTED RECURRING INSULIN FLOW BLOCKED ALARMS AFTER TROUBLESHOOTING. NO HARM REQUIRING MEDICAL INTERVENTION WAS REPORTED. PRODUCT RETURN FOR MMT-342 IS NOT EXPECTED.,,"No Clinical Signs, Symptoms or Conditions; No Clinical Signs, Symptoms or Conditions",Malfunction,https://www.accessdata.fda.gov/scripts/cdrh/cfdocs/cfmaude/detail.cfm?mdrfoi__id=21051209,FDA openFDA MAUDE,602443bdee7ee2dce66ff0144a640216f7ecf8da3bfa8fc5749c54116c2fa3ec
21051210,2025-01-01,2024-11-18,"PUMP,INFUSION","SMITHS MEDICAL ASD, INC",2120,FRN,"IT WAS REPORTED THAT THE CUSTOMER ORDERED 21-2120-0105-14L PUMP KIT, CADD-SOLIS VIP, MDL 2120, SWEDISH, PHARMGUARD, (B)(6) EA, BUT RECEIVED 21-2111-0402-14L PUMP KIT, CADD-SOLIS, MDL 2110, V4.2, SWEDISH, (B)(4) /EA (PIB). SERIAL NUMBERS ARE REGISTERED AS VIP IN INSTALLBASE. THERE WAS NO PATIENT INVOLVEMENT.",,"No Clinical Signs, Symptoms or Conditions; No Clinical Signs, Symptoms or Conditions",Malfunction,https://www.accessdata.fda.gov/scripts/cdrh/cfdocs/cfmaude/detail.cfm?mdrfoi__id=21051210,FDA openFDA MAUDE,54fea2b95a6253ea5a7b323e08ea7e1f3bc6f596b11cc6ffc1201b42d44d0cd4
21051214,2025-01-01,2024-11-18,"PUMP, INFUSION","SMITHS MEDICAL ASD, INC.",2120,FRN,"IT WAS REPORTED THAT THE CUSTOMER ORDERED 21-2120-0105-14L PUMP KIT, CADD-SOLIS VIP, MDL 2120, SWEDISH, PHARMGUARD, 1/EA, BUT RECEIVED 21-2111-0402-14L PUMP KIT, CADD-SOLIS, MDL 2110, V4.2, SWEDISH, 1/EA (PIB). SERIAL NUMBERS ARE REGISTERED AS VIP IN INSTALLBASE. THERE WAS NO PATIENT INVOLVEMENT.",,"No Clinical Signs, Symptoms or Conditions; No Clinical Signs, Symptoms or Conditions",Malfunction,https://www.accessdata.fda.gov/scripts/cdrh/cfdocs/cfmaude/detail.cfm?mdrfoi__id=21051214,FDA openFDA MAUDE,5d386b587704258e5b90933ae20ec398638c106f028b804b1c5addf03c6f8582
21051237,2025-01-01,2024-11-18,"PUMP,INFUSION","SMITHS MEDICAL ASD, INC",2120,FRN,"IT WAS REPORTED THAT THE CUSTOMER ORDERED 21-2120-0105-14L PUMP KIT, CADD-SOLIS VIP, MDL 2120, SWEDISH, PHARMGUARD, (B)(4)/EA, BUT RECEIVED 21-2111-0402-14L PUMP KIT, CADD-SOLIS, MDL 2110, V4.2, SWEDISH, 1/EA (PIB). SERIAL NUMBERS ARE REGISTERED AS VIP IN INSTALL BASE. THERE WAS NO PATIENT INVOLVEMENT.",,"No Clinical Signs, Symptoms or Conditions; No Clinical Signs, Symptoms or Conditions",Malfunction,https://www.accessdata.fda.gov/scripts/cdrh/cfdocs/cfmaude/detail.cfm?mdrfoi__id=21051237,FDA openFDA MAUDE,2d5aca2d519de56ecde3bd2b6ad39404c1a5d51d76e1bcbd2d9ef450ac730a21
21051248,2025-01-01,2024-11-18,"PUMP,INFUSION","SMITHS MEDICAL ASD, INC",2120,FRN,"IT WAS REPORTED THAT THE CUSTOMER ORDERED 21-2120-0105-14L PUMP KIT, CADD-SOLIS VIP, MDL 2120, SWEDISH, PHARMGUARD, (B)(4)/EA, BUT RECEIVED 21-2111-0402-14L PUMP KIT, CADD-SOLIS, MDL 2110, V4.2, SWEDISH, (B)(4)/EA (PIB). SERIAL NUMBERS ARE REGISTERED AS VIP IN INSTALLBASE. PHOTO OF THE DEVICE HAS BEEN PROVIDED. THERE WAS NO PATIENT INVOLVEMENT.",,"No Clinical Signs, Symptoms or Conditions; No Clinical Signs, Symptoms or Conditions",Malfunction,https://www.accessdata.fda.gov/scripts/cdrh/cfdocs/cfmaude/detail.cfm?mdrfoi__id=21051248,FDA openFDA MAUDE,7ae49e5b8905a4f06f3b5e988c6da94b5776f0ff21ee26e947c02e7375bd3245
21051273,2025-01-01,2024-11-18,"PUMP,INFUSION","SMITHS MEDICAL ASD, INC",2120,FRN,"IT WAS REPORTED THAT THE CUSTOMER ORDERED 21-2120-0105-14L PUMP KIT, CADD-SOLIS VIP, MDL 2120, SWEDISH, PHARMGUARD, 1/EA, BUT RECEIVED 21-2111-0402-14L PUMP KIT, CADD-SOLIS, MDL 2110, V4.2, SWEDISH, 1/EA (PIB). SERIAL NUMBERS ARE REGISTERED AS VIP IN INSTALLBASE. PHOTO OF THE DEVICE HAS BEEN PROVIDED. THERE WAS NO PATIENT INVOLVEMENT.",,"No Clinical Signs, Symptoms or Conditions; No Clinical Signs, Symptoms or Conditions",Malfunction,https://www.accessdata.fda.gov/scripts/cdrh/cfdocs/cfmaude/detail.cfm?mdrfoi__id=21051273,FDA openFDA MAUDE,ac6b1051eda6373fc2f94a5924798dc11114ae1460cd3864d67354b79831ec94
21051295,2025-01-01,2024-11-18,"PUMP,INFUSION","SMITHS MEDICAL ASD, INC",2120,FRN,"IT WAS REPORTED THAT THE CUSTOMER ORDERED 21-2120-0105-14L PUMP KIT, CADD-SOLIS VIP, MDL 2120, SWEDISH, PHARMGUARD, 1/EA, BUT RECEIVED 21-2111-0402-14L PUMP KIT, CADD-SOLIS, MDL 2110, V4.2, SWEDISH, 1/EA (PIB). SERIAL NUMBERS ARE REGISTERED AS VIP IN INSTALLBASE. THERE WAS NO PATIENT INVOLVEMENT.",,"No Clinical Signs, Symptoms or Conditions; No Clinical Signs, Symptoms or Conditions",Malfunction,https://www.accessdata.fda.gov/scripts/cdrh/cfdocs/cfmaude/detail.cfm?mdrfoi__id=21051295,FDA openFDA MAUDE,5d386b587704258e5b90933ae20ec398638c106f028b804b1c5addf03c6f8582
21051321,2025-01-01,2024-11-18,"PUMP,INFUSION","SMITHS MEDICAL ASD, INC",2120,FRN,"IT WAS REPORTED THAT THE CUSTOMER ORDERED 21-2120-0105-14L PUMP KIT, CADD-SOLIS VIP, MDL 2120, SWEDISH, PHARMGUARD, 1/EA, BUT RECEIVED 21-2111-0402-14L PUMP KIT, CADD-SOLIS, MDL 2110, V4.2, SWEDISH, 1/EA (PIB). SERIAL NUMBERS ARE REGISTERED AS VIP IN INSTALLBASE. THERE WAS NO PATIENT INVOLVEMENT.",,"No Clinical Signs, Symptoms or Conditions; No Clinical Signs, Symptoms or Conditions",Malfunction,https://www.accessdata.fda.gov/scripts/cdrh/cfdocs/cfmaude/detail.cfm?mdrfoi__id=21051321,FDA openFDA MAUDE,5d386b587704258e5b90933ae20ec398638c106f028b804b1c5addf03c6f8582
21051345,2025-01-01,2024-11-18,"PUMP,INFUSION","SMITHS MEDICAL ASD, INC",2120,FRN,"IT WAS REPORTED THAT THE CUSTOMER ORDERED 21-2120-0105-14L PUMP KIT, CADD-SOLIS VIP, MDL 2120, SWEDISH, PHARMGUARD, (B)(4) /EA, BUT RECEIVED 21-2111-0402-14L PUMP KIT, CADD-SOLIS, MDL 2110, V4.2, SWEDISH, (B)(4) /EA (PIB). SERIAL NUMBERS ARE REGISTERED AS VIP IN INSTALLBASE. THERE WAS NO PATIENT INVOLVEMENT.",,"No Clinical Signs, Symptoms or Conditions; No Clinical Signs, Symptoms or Conditions",Malfunction,https://www.accessdata.fda.gov/scripts/cdrh/cfdocs/cfmaude/detail.cfm?mdrfoi__id=21051345,FDA openFDA MAUDE,8167e9303e83e3d753cec1283f0c7c841f08c1ab2acff485f2b25beb4400f61d
21051346,2025-01-01,2024-11-18,"PUMP, INFUSION","SMITHS MEDICAL ASD, INC.",2120,FRN,"IT WAS REPORTED THAT THE CUSTOMER ORDERED 21-2120-0105-14L PUMP KIT, CADD-SOLIS VIP, MDL 2120, SWEDISH, PHARMGUARD, 1/EA, BUT RECEIVED 21-2111-0402-14L PUMP KIT, CADD-SOLIS, MDL 2110, V4.2, SWEDISH, 1/EA (PIB). SERIAL NUMBERS ARE REGISTERED AS VIP IN INSTALLBASE. THERE WAS NO PATIENT INVOLVEMENT.",,"No Clinical Signs, Symptoms or Conditions; No Clinical Signs, Symptoms or Conditions",Malfunction,https://www.accessdata.fda.gov/scripts/cdrh/cfdocs/cfmaude/detail.cfm?mdrfoi__id=21051346,FDA openFDA MAUDE,5d386b587704258e5b90933ae20ec398638c106f028b804b1c5addf03c6f8582
21289415,2025-02-03,,"PUMP, INFUSION",BAXTER HEALTHCARE CORPORATION,35700BAX2,FRN,IT WAS REPORTED THAT A SPECTRUM INFUSION PUMP FAILED PSI (POUNDS PER SQUARE INCH) TEST DURING TESTING IN THE BIOMEDICAL SERVICE DEPARTMENT. THERE WAS NO PATIENT INVOLVEMENT. NO ADDITIONAL INFORMATION IS AVAILABLE.,,"No Clinical Signs, Symptoms or Conditions; No Clinical Signs, Symptoms or Conditions",Malfunction,https://www.accessdata.fda.gov/scripts/cdrh/cfdocs/cfmaude/detail.cfm?mdrfoi__id=21289415,FDA openFDA MAUDE,91deae06763a6175c26ad02ef6018dafbd1517dd41e82f495d1e59ddddcf6357
21289441,2025-02-03,,"PUMP, INFUSION",BAXTER HEALTHCARE CORPORATION,35700BAX2,FRN,IT WAS REPORTED THAT A SPECTRUM INFUSION PUMP ALARMED SYSTEM ERROR 345 (THERMISTOR DISPARITY) DURING TESTING IN THE BIOMEDICAL SERVICE DEPARTMENT. THERE WAS NO PATIENT INVOLVEMENT. NO ADDITIONAL INFORMATION IS AVAILABLE.,,"No Clinical Signs, Symptoms or Conditions; No Clinical Signs, Symptoms or Conditions",Malfunction,https://www.accessdata.fda.gov/scripts/cdrh/cfdocs/cfmaude/detail.cfm?mdrfoi__id=21289441,FDA openFDA MAUDE,6d12047fe523c99f4bbae4a3526c45ce62643c439f23c8e0efe4cf51d8970770
21289524,2025-02-03,2025-01-07,"PUMP, INFUSION",CAREFUSION SD,8100,FRN,IT WAS REPORTED THAT THE DEVICE HAD FLUID SIDE OCCLUSION ALARM. EVEN AFTER REPLACING BOTH BOTTLE SIDE AND PATIENT SIDE PRESSURE SENSORS AND STILL GETTING ALARM. THERE WAS NO PATIENT INVOLVEMENT.,,"No Clinical Signs, Symptoms or Conditions; No Clinical Signs, Symptoms or Conditions",Malfunction,https://www.accessdata.fda.gov/scripts/cdrh/cfdocs/cfmaude/detail.cfm?mdrfoi__id=21289524,FDA openFDA MAUDE,17999a6758029bc38df9cc5ac8a3ace2da6b3313041157f561cd7cdc6a034b69
21289594,2025-02-03,2025-01-07,"PUMP, INFUSION",CAREFUSION SD,8100,FRN,"IT WAS REPORTED THAT A FAILURE WAS OBSERVED DURING A PLANNED PREVENTATIVE MAINTENANCE, RECALL REMEDIATION, OR REPAIR ORDER SERVICE EVENT. [FIELD SERVICE];[ERROR 240.4150]. THERE WAS NO REPORTED PATIENT INVOLVEMENT.",,"No Clinical Signs, Symptoms or Conditions; No Clinical Signs, Symptoms or Conditions",Malfunction,https://www.accessdata.fda.gov/scripts/cdrh/cfdocs/cfmaude/detail.cfm?mdrfoi__id=21289594,FDA openFDA MAUDE,ea18eb8d78dccc3f681a705a268acb4cf1a9ec697d54aedc9c905c5015a6699f
21289597,2025-02-03,2025-01-07,"PUMP, INFUSION",CAREFUSION SD,8100,FRN,IT WAS REPORTED THAT THE DEVICE DISPLAYED AN ERROR CODE 242.4030. THERE WAS NO PATIENT INVOLVEMENT.,,"No Clinical Signs, Symptoms or Conditions; No Clinical Signs, Symptoms or Conditions",Malfunction,https://www.accessdata.fda.gov/scripts/cdrh/cfdocs/cfmaude/detail.cfm?mdrfoi__id=21289597,FDA openFDA MAUDE,9e43913cfda6ca766efbee7f95b9b67e0b866a24d6461bdb4f4fd69734a7ce20
21289601,2025-02-03,2025-01-07,"PUMP, INFUSION",CAREFUSION SD,8100,FRN,IT WAS REPORTED THAT A FAILURE WAS OBSERVED DURING A PLANNED PREVENTIVE MAINTENANCE OR RECALL REMEDIATION SERVICE EVENT. THERE WAS NO REPORTED PATIENT INVOLVEMENT.,,"No Clinical Signs, Symptoms or Conditions; No Clinical Signs, Symptoms or Conditions",Malfunction,https://www.accessdata.fda.gov/scripts/cdrh/cfdocs/cfmaude/detail.cfm?mdrfoi__id=21289601,FDA openFDA MAUDE,409c256c99b926abf0a89c6d87132154469e197ed44bfa4f4f0c67d9b54eba45
21289605,2025-02-03,2024-12-23,"PUMP, INFUSION",CAREFUSION SD,8100,FRN,IT WAS REPORTED THAT THE DEVICE WILL NOT TURN ON. THERE WAS NO PATIENT INVOLVEMENT.,,"No Clinical Signs, Symptoms or Conditions; No Clinical Signs, Symptoms or Conditions",Malfunction,https://www.accessdata.fda.gov/scripts/cdrh/cfdocs/cfmaude/detail.cfm?mdrfoi__id=21289605,FDA openFDA MAUDE,0f44933a48229818d4fcdb034a43266cf55bff58068f1c7c97c7672e34419397
21289606,2025-02-03,2025-01-07,"PUMP, INFUSION",CAREFUSION SD,8110,FRN,IT WAS REPORTED THAT THE DEVICE DISPLAYED AN ERROR CODE 352.6640. THERE WAS NO PATIENT INVOLVEMENT.,,"No Clinical Signs, Symptoms or Conditions; No Clinical Signs, Symptoms or Conditions",Malfunction,https://www.accessdata.fda.gov/scripts/cdrh/cfdocs/cfmaude/detail.cfm?mdrfoi__id=21289606,FDA openFDA MAUDE,9eda0b4efe18fa63d8d415de301fdf3a2d2ba3d323f9ccff159fee01d0ca5a3b
21289642,2025-02-03,2025-01-07,"PUMP, INFUSION",CAREFUSION SD,8100,FRN,IT WAS REPORTED THAT THE DEVICE DISPLAYED AN ERROR CODE 242.4030. THERE WAS NO PATIENT INVOLVEMENT.,,"No Clinical Signs, Symptoms or Conditions; No Clinical Signs, Symptoms or Conditions",Malfunction,https://www.accessdata.fda.gov/scripts/cdrh/cfdocs/cfmaude/detail.cfm?mdrfoi__id=21289642,FDA openFDA MAUDE,9e43913cfda6ca766efbee7f95b9b67e0b866a24d6461bdb4f4fd69734a7ce20
21289685,2025-02-03,2025-01-07,"PUMP, INFUSION",CAREFUSION SD,8110,FRN,IT WAS REPORTED THAT THE DEVICE HAD STUCK BARREL CLAMP. THERE WAS NO PATIENT INVOLVEMENT.,,"No Clinical Signs, Symptoms or Conditions; No Clinical Signs, Symptoms or Conditions",Malfunction,https://www.accessdata.fda.gov/scripts/cdrh/cfdocs/cfmaude/detail.cfm?mdrfoi__id=21289685,FDA openFDA MAUDE,7f32a3b61dcb1fb3e7520f15557ca848b17e0e0e27e5c9a3e6996c7773d68e58
21289942,2025-02-03,2024-12-15,"PUMP, INFUSION",CAREFUSION SD,8100,FRN,"IT WAS REPORTED THAT ON (B)(6) 2024, AN UMBILICAL ARTERIAL CATHETER (UAC) AND UMBILICAL VENOUS CATHETER (UVC) WERE PLACED ON A 27-WEEK-OLD INFANT SHORTLY AFTER ARRIVAL TO THE NEONATAL INTENSIVE CARE UNIT (NICU). AN INFUSION PUMP WAS USED WITH TUBING REF# (B)(4) FOR BOTH UAC AND UVC LINES. THE UAC LINE HAD AN ADDED TRANSDUCER ATTACHED TO THE END WITH ONE, 3-WAY STOPCOCK PRIOR TO THE PATIENT LINE CONNECTION. ALL IV LINES WERE REPORTEDLY PRIMED AND FLUSHED SEVERAL TIMES, DURING SET UP AND THEN AGAIN BEFORE CONNECTING TO THE PATIENT¿S CATHETERS. THE CONNECTION TO THE INFANT OCCURRED APPROXIMATELY 1959-2000 HRS. IT WAS REPORTED THAT THE INFANT'S CONDITION ""ABRUPTLY DETERIORATED WITHIN MINUTES""; ""HEART RATE DROPPED""; ""CYANOSIS WAS NOTED"". ADVANCED CARDIOVASCULAR LIFE SUPPORT (ACLS) MEASURES WERE IMPLEMENTED INCLUDING INTUBATION AND MEDICATION ADMINISTRATION. ONCE STABILIZED, A REPEAT CHEST X-RAY WAS TAKEN WHICH REPORTEDLY SHOWED ""AIR IN THE LEFT VENTRICLE OF THE HEART."" THIS WAS NOT SEEN ON A PREVIOUS CHEST X-RAY TAKEN AFTER LINE PLACEMENT. DURING THE ABOVE ACTIONS, PROVIDERS NOTED AIR IN THE UAC LINE WHICH THEY ASPIRATED AND REMOVED APPROXIMATELY 2 TO 3ML. THE PATIENT REPORTEDLY DIED 8 DAYS LATER. BD RECEIVED ADDITIONAL INFORMATION. IT WAS REPORTED THAT ""NO AUDIBLE ALARMS SOUNDED, PER STAFF IN THE ROOM. THE LOCATION OF THE AIR WAS DISTAL TO THE PUMP. PUMP FAILURE WAS NOT A CONCERN. PUMPS WERE EVALUATED BY AGILITI BIOMED AND NO DEFICIENCIES WERE FOUND..."" THE CUSTOMER (REGISTERED NURSE QUALITY IMPROVEMENT: RL ADMIN LITE & MEDSUN REPORTER) STATED THAT THE PRIMARY AND SECONDARY CAUSES OF DEATH WERE ""COMPLICATIONS OF PREMATURE BIRTH ¿ 27 WEEKS AND 4 DAYS. ANOXIC BRAIN INJURY, MULTIPLE ORGAN DYSFUNCTION."" IT WAS REPORTED THAT ON (B)(6) 2024, AN UMBILICAL ARTERIAL CATHETER (UAC) AND UMBILICAL VENOUS CATHETER (UVC) WERE PLACED ON A 27-WEEK-OLD INFANT SHORTLY AFTER ARRIVAL TO THE NEONATAL INTENSIVE CARE UNIT (NICU). AN INFUSION PUMP WAS USED WITH TUBING REF# 2426-0007 FOR BOTH UAC AND UVC LINES. THE UAC LINE HAD AN ADDED TRANSDUCER ATTACHED TO THE END WITH ONE, 3-WAY STOPCOCK PRIOR TO THE PATIENT LINE CONNECTION. ALL IV LINES WERE REPORTEDLY PRIMED AND FLUSHED SEVERAL TIMES, DURING SET UP AND THEN AGAIN BEFORE CONNECTING TO THE PATIENT¿S CATHETERS. THE CONNECTION TO THE INFANT OCCURRED APPROXIMATELY 1959-2000 HRS. IT WAS REPORTED THAT THE INFANT'S CONDITION ""ABRUPTLY DETERIORATED WITHIN MINUTES""; ""HEART RATE DROPPED""; ""CYANOSIS WAS NOTED"". ADVANCED CARDIOVASCULAR LIFE SUPPORT (ACLS) MEASURES WERE IMPLEMENTED INCLUDING INTUBATION AND MEDICATION ADMINISTRATION. ONCE STABILIZED, A REPEAT CHEST X-RAY WAS TAKEN WHICH REPORTEDLY SHOWED ""AIR IN THE LEFT VENTRICLE OF THE HEART."" THIS WAS NOT SEEN ON A PREVIOUS CHEST X-RAY TAKEN AFTER LINE PLACEMENT. DURING THE ABOVE ACTIONS, PROVIDERS NOTED AIR IN THE UAC LINE WHICH THEY ASPIRATED AND REMOVED APPROXIMATELY 2 TO 3ML. THE PATIENT REPORTEDLY DIED 8 DAYS LATER. BD RECEIVED ADDITIONAL INFORMATION. IT WAS REPORTED THAT ""NO AUDIBLE ALARMS SOUNDED, PER STAFF IN THE ROOM. THE LOCATION OF THE AIR WAS DISTAL TO THE PUMP. PUMP FAILURE WAS NOT A CONCERN. PUMPS WERE EVALUATED BY AGILITI BIOMED AND NO DEFICIENCIES WERE FOUND..."" THE CUSTOMER (REGISTERED NURSE QUALITY IMPROVEMENT: RL ADMIN LITE & MEDSUN REPORTER) STATED THAT THE PRIMARY AND SECONDARY CAUSES OF DEATH WERE ""COMPLICATIONS OF PREMATURE BIRTH ¿ 27 WEEKS AND 4 DAYS. ANOXIC BRAIN INJURY, MULTIPLE ORGAN DYSFUNCTION."" BD RECEIVED ADDITIONAL INFORMATION REGARDING TUBING SET UP: BD TUBING REF (B)(4), LOT# 24109078 WAS USED. THE IV SOLUTION (BAG) WAS SPIKED USING THE IV INFUSION SETS LISTED. THE IV LINE WAS PRIMED BY GRAVITY THEN THE TUBING WAS PLACED IN THE ALARIS PUMP. UMBILICAL ARTERY CATHETER (UAC) LINES WERE TO BE USED FOR MONITORING BLOOD PRESSURE AND BLOOD SAMPLING. TO ACCOMPLISH THIS, THE DISTAL END OF THE IV TUBING WAS ATTACHED A TRANSDUCER. TRANSDUCER USED WAS ICU MEDICAL (MANUFACTURER), MODEL# 42801-24. AT THE DISTAL END OF THE TRANSDUCER TUBING WERE ONE 3-WAY STOPCOCK WITH A SYRINGE ATTACHED TO ONE PORT WAS ADDED. THIS IS PART OF THE ICU MEDICAL TRANSDUCER SET. THE SET COMES WITH TWO STOPCOCKS, BUT STAFF REMOVES ONE. THE LINE WAS THEN ATTACHED TO END OF THE UAC WHICH LED TO THE BABY. IT WAS REPORTED THAT ON (B)(6) 2024, AN UMBILICAL ARTERIAL CATHETER (UAC) AND UMBILICAL VENOUS CATHETER (UVC) WERE PLACED ON A 27-WEEK-OLD INFANT SHORTLY AFTER ARRIVAL TO THE NEONATAL INTENSIVE CARE UNIT (NICU). AN INFUSION PUMP WAS USED WITH TUBING REF# 2426-0007 FOR BOTH UAC AND UVC LINES. THE UAC LINE HAD AN ADDED TRANSDUCER ATTACHED TO THE END WITH ONE, 3-WAY STOPCOCK PRIOR TO THE PATIENT LINE CONNECTION. ALL IV LINES WERE REPORTEDLY PRIMED AND FLUSHED SEVERAL TIMES, DURING SET UP AND THEN AGAIN BEFORE CONNECTING TO THE PATIENT¿S CATHETERS. THE CONNECTION TO THE INFANT OCCURRED APPROXIMATELY 1959-2000 HRS. IT WAS REPORTED THAT THE INFANT'S CONDITION ""ABRUPTLY DETERIORATED WITHIN MINUTES""; ""HEART RATE DROPPED""; ""CYANOSIS WAS NOTED"". ADVANCED CARDIOVASCULAR LIFE SUPPORT (ACLS) MEASURES WERE IMPLEMENTED INCLUDING INTUBATION AND MEDICATION ADMINISTRATION. ONCE STABILIZED, A REPEAT CHEST X-RAY WAS TAKEN WHICH REPORTEDLY SHOWED ""AIR IN THE LEFT VENTRICLE OF THE HEART."" THIS WAS NOT SEEN ON A PREVIOUS CHEST X-RAY TAKEN AFTER LINE PLACEMENT. DURING THE ABOVE ACTIONS, PROVIDERS NOTED AIR IN THE UAC LINE WHICH THEY ASPIRATED AND REMOVED APPROXIMATELY 2 TO 3ML. THE PATIENT REPORTEDLY DIED 8 DAYS LATER. BD RECEIVED ADDITIONAL INFORMATION. IT WAS REPORTED THAT ""NO AUDIBLE ALARMS SOUNDED, PER STAFF IN THE ROOM. THE LOCATION OF THE AIR WAS DISTAL TO THE PUMP. PUMP FAILURE WAS NOT A CONCERN. PUMPS WERE EVALUATED BY AGILITI BIOMED AND NO DEFICIENCIES WERE FOUND..."" THE CUSTOMER (REGISTERED NURSE QUALITY IMPROVEMENT: RL ADMIN LITE & MEDSUN REPORTER) STATED THAT THE PRIMARY AND SECONDARY CAUSES OF DEATH WERE ""COMPLICATIONS OF PREMATURE BIRTH ¿ 27 WEEKS AND 4 DAYS. ANOXIC BRAIN INJURY, MULTIPLE ORGAN DYSFUNCTION."" BD RECEIVED ADDITIONAL INFORMATION REGARDING TUBING SET UP: BD TUBING REF 2426-0007, LOT# 24109078 WAS USED. THE IV SOLUTION (BAG) WAS SPIKED USING THE IV INFUSION SETS LISTED. THE IV LINE WAS PRIMED BY GRAVITY THEN THE TUBING WAS PLACED IN THE ALARIS PUMP. UMBILICAL ARTERY CATHETER (UAC) LINES WERE TO BE USED FOR MONITORING BLOOD PRESSURE AND BLOOD SAMPLING. TO ACCOMPLISH THIS, THE DISTAL END OF THE IV TUBING WAS ATTACHED A TRANSDUCER. TRANSDUCER USED WAS ICU MEDICAL (MANUFACTURER), MODEL# 42801-24. AT THE DISTAL END OF THE TRANSDUCER TUBING WERE ONE 3-WAY STOPCOCK WITH A SYRINGE ATTACHED TO ONE PORT WAS ADDED. THIS IS PART OF THE ICU MEDICAL TRANSDUCER SET. THE SET COMES WITH TWO STOPCOCKS, BUT STAFF REMOVES ONE. THE LINE WAS THEN ATTACHED TO END OF THE UAC WHICH LED TO THE BABY. IT WAS REPORTED THAT ON (B)(6) 2024, AN UMBILICAL ARTERIAL CATHETER (UAC) AND UMBILICAL VENOUS CATHETER (UVC) WERE PLACED ON A 27-WEEK-OLD INFANT SHORTLY AFTER ARRIVAL TO THE NEONATAL INTENSIVE CARE UNIT (NICU). AN INFUSION PUMP WAS USED WITH TUBING REF# (B)(4) FOR BOTH UAC AND UVC LINES. THE UAC LINE HAD AN ADDED TRANSDUCER ATTACHED TO THE END WITH ONE, 3-WAY STOPCOCK PRIOR TO THE PATIENT LINE CONNECTION. ALL IV LINES WERE REPORTEDLY PRIMED AND FLUSHED SEVERAL TIMES, DURING SET UP AND THEN AGAIN BEFORE CONNECTING TO THE PATIENT¿S CATHETERS. THE CONNECTION TO THE INFANT OCCURRED APPROXIMATELY 1959-2000 HRS. IT WAS REPORTED THAT THE INFANT'S CONDITION ""ABRUPTLY DETERIORATED WITHIN MINUTES""; ""HEART RATE DROPPED""; ""CYANOSIS WAS NOTED"". ADVANCED CARDIOVASCULAR LIFE SUPPORT (ACLS) MEASURES WERE IMPLEMENTED INCLUDING INTUBATION AND MEDICATION ADMINISTRATION. ONCE STABILIZED, A REPEAT CHEST X-RAY WAS TAKEN WHICH REPORTEDLY SHOWED ""AIR IN THE LEFT VENTRICLE OF THE HEART."" THIS WAS NOT SEEN ON A PREVIOUS CHEST X-RAY TAKEN AFTER LINE PLACEMENT. DURING THE ABOVE ACTIONS, PROVIDERS NOTED AIR IN THE UAC LINE WHICH THEY ASPIRATED AND REMOVED APPROXIMATELY 2 TO 3 ML. THE PATIENT REPORTEDLY DIED 8 DAYS LATER. BD RECEIVED ADDITIONAL INFORMATION. IT WAS REPORTED THAT ""NO AUDIBLE ALARMS SOUNDED, PER STAFF IN THE ROOM. THE LOCATION OF THE AIR WAS DISTAL TO THE PUMP. PUMP FAILURE WAS NOT A CONCERN. PUMPS WERE EVALUATED BY AGILITI BIOMED AND NO DEFICIENCIES WERE FOUND..."" THE CUSTOMER (REGISTERED NURSE QUALITY IMPROVEMENT: RL ADMIN LITE & MEDSUN REPORTER) STATED THAT THE PRIMARY AND SECONDARY CAUSES OF DEATH WERE ""COMPLICATIONS OF PREMATURE BIRTH ¿ 27 WEEKS AND 4 DAYS. ANOXIC BRAIN INJURY, MULTIPLE ORGAN DYSFUNCTION."" BD RECEIVED ADDITIONAL INFORMATION REGARDING TUBING SET UP: BD TUBING REF (B)(4), LOT# 24109078 WAS USED. THE IV SOLUTION (BAG) WAS SPIKED USING THE IV INFUSION SETS LISTED. THE IV LINE WAS PRIMED BY GRAVITY THEN THE TUBING WAS PLACED IN THE ALARIS PUMP. UMBILICAL ARTERY CATHETER (UAC) LINES WERE TO BE USED FOR MONITORING BLOOD PRESSURE AND BLOOD SAMPLING. TO ACCOMPLISH THIS, THE DISTAL END OF THE IV TUBING WAS ATTACHED A TRANSDUCER. TRANSDUCER USED WAS ICU MEDICAL (MANUFACTURER), MODEL# 42801-24. AT THE DISTAL END OF THE TRANSDUCER TUBING WERE ONE 3-WAY STOPCOCK WITH A SYRINGE ATTACHED TO ONE PORT WAS ADDED. THIS IS PART OF THE ICU MEDICAL TRANSDUCER SET. THE SET COMES WITH TWO STOPCOCKS, BUT STAFF REMOVES ONE. THE LINE WAS THEN ATTACHED TO END OF THE UAC WHICH LED TO THE BABY.",,Embolism/Embolus; Embolism/Embolus,Death,https://www.accessdata.fda.gov/scripts/cdrh/cfdocs/cfmaude/detail.cfm?mdrfoi__id=21289942,FDA openFDA MAUDE,a5232c9f81e013ea82be586ceea9427e6b21300c3522d2fd1862a59d180f9f0b
21290303,2025-02-03,2025-01-09,"PUMP, INFUSION",B. BRAUN MEDICAL INC.,8713051U,FRN,"DURING THE COURSE OF TREATMENT, SINGLE CONCENTRATION LEVOPHED WAS CHANGED TO QUADRUPLE CONCENTRATED LEVOPHED. AFTER QUAD CONCENTRATION LEVOPHED WAS STARTED, 8/250 CONCENTRATION LEVOPHED WAS TITRATED DOWN, WHEN ERROR CODE 2114 WAS NOTED AND PUMP STOPPED, RESULTING IN HYPOTENSION. QUAD CONCENTRATION LEVOPHED TITRATED UP TO INTERVENE FOR HYPOTENSION.",,Low Blood Pressure/ Hypotension; Low Blood Pressure/ Hypotension,Malfunction,https://www.accessdata.fda.gov/scripts/cdrh/cfdocs/cfmaude/detail.cfm?mdrfoi__id=21290303,FDA openFDA MAUDE,c161af359925a5dc4cc05837f7600c070f9dc412d210243d524ca7698bffd80f
21290320,2025-02-03,2025-01-07,"PUMP, INFUSION",B. BRAUN MEDICAL INC.,8713051U,FRN,"NURSE HUNG 20 MEQ KCL (50ML BAG) TO INFUSE OVER 60 MINUTES. WHEN RN (REGISTERED NURSE) RETURNED, THE ENTIRE BAG HAD INFUSED WITHIN ABOUT 5 MINUTES. CALCIUM GLUCONATE 2 GM IV ADMINISTERED TO PREVENT LIFE THREATENING ARRHYTHMIA OR DEATH. PATIENT DID NOT EXPERIENCE COMPLICATIONS.",,"No Clinical Signs, Symptoms or Conditions; No Clinical Signs, Symptoms or Conditions",Malfunction,https://www.accessdata.fda.gov/scripts/cdrh/cfdocs/cfmaude/detail.cfm?mdrfoi__id=21290320,FDA openFDA MAUDE,db13dfcab2435f72a2ba3030052d2f543b9905fb3919ec6de263c99f48308ad6
21290404,2025-02-03,2025-01-10,"PUMP, INFUSION",CAREFUSION SD,8100,FRN,IT WAS REPORTED THAT THE DEVICE DISPLAYED AN ERROR CODE 242.4030. THERE WAS NO PATIENT INVOLVEMENT.,,"No Clinical Signs, Symptoms or Conditions; No Clinical Signs, Symptoms or Conditions",Malfunction,https://www.accessdata.fda.gov/scripts/cdrh/cfdocs/cfmaude/detail.cfm?mdrfoi__id=21290404,FDA openFDA MAUDE,9e43913cfda6ca766efbee7f95b9b67e0b866a24d6461bdb4f4fd69734a7ce20
21290439,2025-02-03,2025-01-22,"PUMP, INFUSION",CAREFUSION SD,8100,FRN,"IT WAS REPORTED THAT THE FOLLOWING ISSUE WAS OBSERVED ON THE DEVICE: ""CONTINUOUSLY SAYING CHANNEL ERROR IS WHAT NOTE SAID. FOUND A BAD TOP SENSOR. ADDITIONAL NOTES PROVIDED BY THE FACILITY¿S CLINICAL ENGINEERING SUPPORT SERVICES INCLUDE: ""REPLACED SENSOR AND RECALIBRATED PUMP. TESTED PUMP AND IT PASSED ALL TEST."" REPORTED PROBLEM CAUSE DESCRIPTION: ""MECHANICAL - ELECTRICAL."" THERE WAS NO REPORTED PATIENT INVOLVEMENT. ALTHOUGH ADDITIONAL INFORMATION AND PRODUCT RETURN HAVE BEEN PREVIOUSLY REQUESTED, THE CUSTOMER PROVIDED A GENERAL STATEMENT THAT ¿NO FURTHER INFORMATION WILL BE PROVIDED, INCLUDING PATIENT DEMOGRAPHICS AND NO PRODUCTS WILL BE RETURNED.¿",,"No Clinical Signs, Symptoms or Conditions; No Clinical Signs, Symptoms or Conditions",Malfunction,https://www.accessdata.fda.gov/scripts/cdrh/cfdocs/cfmaude/detail.cfm?mdrfoi__id=21290439,FDA openFDA MAUDE,616aa3e70a341b797d97ac7474569e29c5b63237a73aa181969c13466f0087cf
21499570,2025-03-01,2025-02-03,"PUMP, INFUSION",CAREFUSION SD,8100,FRN,IT WAS REPORTED THAT THE DEVICE HAD FAILED PATIENT SIDE OCCLUSION TEST. THERE WAS NO PATIENT INVOLVEMENT.,,"No Clinical Signs, Symptoms or Conditions; No Clinical Signs, Symptoms or Conditions",Malfunction,https://www.accessdata.fda.gov/scripts/cdrh/cfdocs/cfmaude/detail.cfm?mdrfoi__id=21499570,FDA openFDA MAUDE,7c4d1e9c269fadb554e8a5401bb4d226d66b5481619a2de764129b8d179b8b09
21500968,2025-03-02,2025-02-01,INFUSION PUMP,EITAN MEDICAL LTD.,,FRN,THE COMPLAINT WAS REPORTED BY A CUSTOMER FROM USA. DELIVERY ISSUE.,,"No Clinical Signs, Symptoms or Conditions; No Clinical Signs, Symptoms or Conditions",Malfunction,https://www.accessdata.fda.gov/scripts/cdrh/cfdocs/cfmaude/detail.cfm?mdrfoi__id=21500968,FDA openFDA MAUDE,54b16dc673aad943dde5b2511899d284fcabd82199ddc72ea3a7b2d9050b8bc3
21501441,2025-03-02,2025-01-18,"PUMP, INFUSION",CAREFUSION SD,8015,FRN,"IT WAS REPORTEDLY A """"RED LINE"""" ON THE PUMP AND THE PUMP """"JUST STOPPED WORKING"""". PUMP HAD TO BE POWERED OFF AND REPROGRAMMED. ADDITIONAL EVENT DETAILED WERE RECEIVED. CLINICIAN THAT THE PUMP HAD AN ¿ERROR WITH A RED BAND¿ WHILE IN THE ELEVATOR HEADING TO CT SCAN. THE ERROR RESULTED IN THE CLINICIAN HAVING TO REPROGRAM ALL THE IV CHANNELS. DURING CLINICIAN REPROGRAMMING, IT WAS NOTED THE PUMP WAS THEN REPROGRAMMED INCORRECTLY. THE VASOPRESSIN WAS PROGRAMMED TO BE AT AMIODARONE 1 MG PER MINUTE WHICH IS 33.3 ML/HR. AMIODARONE WAS PROGRAMMED TO BE THE VASOPRESSIN AT 1.2 UNITS PER HOUR. ON RETURN FROM THE CT SCAN THE PATIENT¿S BLOOD PRESSURE INCREASED AND THE CLINICIAN TITRATED THE LEVOPHED TO CORRECT THE INCREASED BLOOD PRESSURE. THE PATIENT WAS MONITORED AND FOUND TO HAVE NO RHYTHM CHANGES. THE VASOPRESSIN RAN AT THE INCORRECT RATE FROM 12:15 TO 13:50. THIS WAS REPORTED TO BD REPRESENTATIVES DURING THEIR SITE VISIT.",,High Blood Pressure/ Hypertension; High Blood Pressure/ Hypertension,Injury,https://www.accessdata.fda.gov/scripts/cdrh/cfdocs/cfmaude/detail.cfm?mdrfoi__id=21501441,FDA openFDA MAUDE,8ed016e71a3ee997d9b0251e19fd8b9bad2ea9408b3009a2e3baa4e9b320503b
21501442,2025-03-02,2025-01-18,"PUMP, INFUSION",CAREFUSION SD,8100,FRN,"IT WAS REPORTEDLY A """"RED LINE"""" ON THE PUMP AND THE PUMP """"JUST STOPPED WORKING"""". PUMP HAD TO BE POWERED OFF AND REPROGRAMMED. ADDITIONAL EVENT DETAILED WERE RECEIVED. CLINICIAN THAT THE PUMP HAD AN ¿ERROR WITH A RED BAND¿ WHILE IN THE ELEVATOR HEADING TO CT SCAN. THE ERROR RESULTED IN THE CLINICIAN HAVING TO REPROGRAM ALL THE IV CHANNELS. DURING CLINICIAN REPROGRAMMING, IT WAS NOTED THE PUMP WAS THEN REPROGRAMMED INCORRECTLY. THE VASOPRESSIN WAS PROGRAMMED TO BE AT AMIODARONE 1 MG PER MINUTE WHICH IS 33.3 ML/HR. AMIODARONE WAS PROGRAMMED TO BE THE VASOPRESSIN AT 1.2 UNITS PER HOUR. ON RETURN FROM THE CT SCAN THE PATIENT¿S BLOOD PRESSURE INCREASED AND THE CLINICIAN TITRATED THE LEVOPHED TO CORRECT THE INCREASED BLOOD PRESSURE. THE PATIENT WAS MONITORED AND FOUND TO HAVE NO RHYTHM CHANGES. THE VASOPRESSIN RAN AT THE INCORRECT RATE FROM 12:15 TO 13:50. THIS WAS REPORTED TO BD REPRESENTATIVES DURING THEIR SITE VISIT.",,High Blood Pressure/ Hypertension; High Blood Pressure/ Hypertension,Injury,https://www.accessdata.fda.gov/scripts/cdrh/cfdocs/cfmaude/detail.cfm?mdrfoi__id=21501442,FDA openFDA MAUDE,8ed016e71a3ee997d9b0251e19fd8b9bad2ea9408b3009a2e3baa4e9b320503b
21501443,2025-03-02,2025-02-04,"PUMP, INFUSION",CAREFUSION SD,8100,FRN,"IT WAS REPORTED THAT DURING ALARIS DEVICE ASSESSMENT, THE DEVICE HAD A STICKING MODULE LATCH ASSEMBLY AND A STICKING DOOR LATCH ASSEMBLY. THIS WAS OBSERVED BY BD REPRESENTATIVES DURING THEIR SITE VISIT. THERE WAS NO PATIENT INVOLVEMENT.",,"No Clinical Signs, Symptoms or Conditions; No Clinical Signs, Symptoms or Conditions",Malfunction,https://www.accessdata.fda.gov/scripts/cdrh/cfdocs/cfmaude/detail.cfm?mdrfoi__id=21501443,FDA openFDA MAUDE,48e070112c93e2dab08f830bb7905eafe93817292562116101731e1a4581560f
21501478,2025-03-03,2025-02-03,"PUMP, INFUSION",CAREFUSION SD,8100,FRN,IT WAS REPORTED THAT THE 8100 HAD ERROR 242.4030. THERE WAS NO PATIENT INVOLVEMENT.,,"No Clinical Signs, Symptoms or Conditions; No Clinical Signs, Symptoms or Conditions",Malfunction,https://www.accessdata.fda.gov/scripts/cdrh/cfdocs/cfmaude/detail.cfm?mdrfoi__id=21501478,FDA openFDA MAUDE,b9c588d5d041e99fd4584464d9ab3fbfe345812e8134109cc61bb0520b5c75b2
21501553,2025-03-03,2025-02-04,"PUMP, INFUSION",CAREFUSION SD,8100,FRN,"IT WAS OBSERVED THAT MODULE RELEASE LATCHES WERE VERY DIFFICULT TO IMPOSSIBLE TO MOVE (OF THOSE NOT STILL BOLTED) ¿ OBSERVED ON 9 MODULES"". THIS WAS OBSERVED BY BD REPRESENTATIVES DURING THEIR SITE VISIT. THERE WAS NO REPORTED PATIENT INVOLVEMENT. IT WAS OBSERVED THAT MODULE RELEASE LATCHES WERE VERY DIFFICULT TO IMPOSSIBLE TO MOVE (OF THOSE NOT STILL BOLTED) OBSERVED ON 9 MODULES"". THIS WAS OBSERVED BY BD REPRESENTATIVES DURING THEIR SITE VISIT. THERE WAS NO REPORTED PATIENT INVOLVEMENT.",,"No Clinical Signs, Symptoms or Conditions; No Clinical Signs, Symptoms or Conditions",Malfunction,https://www.accessdata.fda.gov/scripts/cdrh/cfdocs/cfmaude/detail.cfm?mdrfoi__id=21501553,FDA openFDA MAUDE,f0ea71f8955aef59fd46c4b2d2de984e68b0ac7658d4bcdc1820f2cda206abea
21501555,2025-03-03,2025-02-04,"PUMP, INFUSION",CAREFUSION SD,8100,FRN,"IT WAS OBSERVED ON SITE ""1 MODULE NOTED WITH CORROSION TO MALE IUI CONNECTOR"". THIS WAS OBSERVED BY BD REPRESENTATIVES DURING THEIR SITE VISIT. THERE WAS NO REPORTED PATIENT INVOLVEMENT.",,"No Clinical Signs, Symptoms or Conditions; No Clinical Signs, Symptoms or Conditions",Malfunction,https://www.accessdata.fda.gov/scripts/cdrh/cfdocs/cfmaude/detail.cfm?mdrfoi__id=21501555,FDA openFDA MAUDE,13f99a399a0676bd1b47b1f1c4d083725e660293629b46810e5fd0a2e510ae59
21501557,2025-03-03,2025-02-05,"PUMP, INFUSION",CAREFUSION SD,8110,FRN,IT WAS REPORTED 4 ML SYRINGE WAS INSERTED INTO A SYRINGE MODULE HOWEVER THE MODULE ONLY RECOGNIZED 2.5 ML OF FLUID. CUSTOMER ATTEMPTED TO REPLICATE IT AND THE PUMP AFTERWARD RECOGNIZED 3.5 ML OF A 5ML TEST SYRINGE WITH 4 ML OF FLUIDS IN IT. THERE WAS PATIENT INVOLVEMENT BUT NO HARM.,,"No Clinical Signs, Symptoms or Conditions; No Clinical Signs, Symptoms or Conditions",Malfunction,https://www.accessdata.fda.gov/scripts/cdrh/cfdocs/cfmaude/detail.cfm?mdrfoi__id=21501557,FDA openFDA MAUDE,8de1ea5659ac551c08cfa31e84cc9f764acf614a63f985c0b5b68633f9b6c22e
21501558,2025-03-03,2025-02-06,"PUMP, INFUSION",CAREFUSION SD,8100,FRN,"IT WAS REPORTED THAT CLINICIANS SOMETIMES STATE THAT THEY NEED TO ADD MORE VOLUME TO INFUSE THE ENTIRE IV BAG OF ANTI-BIOTICS BUT ATTRIBUTE THE ISSUE TO OVERFILL. IF THE IV BAG IS 50ML, THEY PROGRAM THAT VOLUME AND DO NOT ADD MORE. ADDITIONALLY, THEY ARE CURRENTLY INFUSING THEIR ANTI-BIOTICS ON PRIMARY LINES DUE TO THE FLUID SHORTAGE, SO ANOTHER CONTRIBUTING FACTOR IS THAT THEY UNDERESTIMATE THE VOLUME, SO AIR DOESN¿T ENTER THE LINE. THIS WAS REPORTED TO BD REPRESENTATIVES DURING SITE VISIT. THERE WAS PATIENT INVOLVEMENT BUT NO HARM.",,"No Clinical Signs, Symptoms or Conditions; No Clinical Signs, Symptoms or Conditions",Malfunction,https://www.accessdata.fda.gov/scripts/cdrh/cfdocs/cfmaude/detail.cfm?mdrfoi__id=21501558,FDA openFDA MAUDE,2efe86214f17ad2df7e1b7789c7fc2005efb5191a07e36ed8c80d8e5869ddf30
21501559,2025-03-03,2025-02-06,"PUMP, INFUSION",CAREFUSION SD,8100,FRN,IT WAS REPORTED THAT THERE WAS AN OVER INFUSION EVENT WITH OLDER DEVICES. THIS WAS REPORTED TO BD REPRESENTATIVES DURING SITE VISIT. THERE WAS NO INFORMATION ON PATIENT OUTCOME.,,Insufficient Information; Insufficient Information,Malfunction,https://www.accessdata.fda.gov/scripts/cdrh/cfdocs/cfmaude/detail.cfm?mdrfoi__id=21501559,FDA openFDA MAUDE,9505ccddf162a069c460b848d9acdd3d17e9ee9b5c8927ca4621b8803a02c967
21501674,2025-03-03,2025-02-04,"PUMP, INFUSION",CAREFUSION SD,8100,FRN,"IIT WAS REPORTED DURING THE ADMINISTRATION OF AN AMIODARONE BOLUS, THE CLINICIAN OBSERVED THAT BOTH THE SECONDARY AMIODARONE BAG AND THE PRIMARY AMIODARONE BAG WERE DRIPPING. THE PRIMARY BAG WAS POSITIONED 9.5 INCHES LOWER ON THE SECONDARY HANGER, WHILE THE SECONDARY BAG WAS MAINTAINED AT THE RECOMMENDED HEIGHT OF APPROXIMATELY 20 INCHES. THE CLINICAL CONSULTANT SUGGESTED LOWERING THE PRIMARY BAG FURTHER, AS LARGER SECONDARY CONTAINERS OR FLOW RATES EXCEEDING 500ML/HR COULD LEAD TO SIMULTANEOUS FLOW ISSUES. THERE WAS PATIENT INVOLVEMENT BUT NO HARM. ALTHOUGH REQUESTED NO ADDITIONAL INFORMATION WAS PROVIDED BY THE CUSTOMER, NO DEVICES WERE RETURNED. IT WAS REPORTED BY THE CUSTOMER ""NURSES IN BOTH THE CCU AND 3NW EXPRESSED CONCERNS REGARDING THE SIMULTANEOUS INFUSION OF SECONDARY INFUSIONS ALONGSIDE PRIMARY SOLUTIONS THROUGH PUMPS. IN THE CCU, A NURSE WAS GIVING AN AMIODARONE BOLUS THROUGH A SECONDARY LINE WHILE ALSO INFUSING AMIODARONE AS A PRIMARY SOLUTION. DURING THE ADMINISTRATION OF THE AMIODARONE BOLUS, THE NURSE OBSERVED THAT BOTH THE SECONDARY AMIODARONE BAG AND THE PRIMARY AMIODARONE BAG WERE DRIPPING. THE PRIMARY BAG WAS POSITIONED 9.5 INCHES LOWER ON THE SECONDARY HANGER, WHILE THE SECONDARY BAG WAS MAINTAINED AT THE RECOMMENDED HEIGHT OF APPROXIMATELY 20 INCHES. MEANWHILE, NURSE MOHAMMAD FROM 3NW REPORTED THAT HE WAS DELIVERING ETOPOSIDE THROUGH A SECONDARY INFUSION, NOTING THAT THE ETOPOSIDE WAS DRIPPING CONCURRENTLY WITH THE PRIMARY FLUSH LINE. THE ETOPOSIDE SECONDARY INFUSION WAS ALSO CORRECTLY PLACED 9.5 INCHES ABOVE THE PRIMARY FLUSH LINE AND AROUND 20 INCHES ABOVE THE PUMP. THE CLINICAL CONSULTANT SUGGESTED LOWERING THE PRIMARY BAG FURTHER, AS LARGER SECONDARY CONTAINERS OR FLOW RATES EXCEEDING 500ML/HR COULD LEAD TO SIMULTANEOUS FLOW ISSUES"". THERE WAS PATIENT INVOLVEMENT BUT NO HARM. ALTHOUGH REQUESTED NO ADDITIONAL INFORMATION WILL BE PROVIDED BY THE CUSTOMER, NO DEVICES WILL BE RETURNED.",,"No Clinical Signs, Symptoms or Conditions; No Clinical Signs, Symptoms or Conditions",Malfunction,https://www.accessdata.fda.gov/scripts/cdrh/cfdocs/cfmaude/detail.cfm?mdrfoi__id=21501674,FDA openFDA MAUDE,763aa97ac73f8d0056ef9ba8aa1054a27b7e496e9aa071b8aa62efbe73f0d13e
21501675,2025-03-03,2025-02-04,"PUMP, INFUSION",CAREFUSION SD,8100,FRN,"IT WAS REPORTED DURING THE ADMINISTRATION OF ETOPOSIDE, THE CLINICIAN OBSERVED THAT THE SECONDARY ETOPOSIDE WAS DRIPPING AT THE SAME TIME AS THE PRIMARY FLUSH LINE. THE ETOPOSIDE SECONDARY INFUSION WAS APPROPRIATELY HUNG 9.5 INCHES ABOVE THE PRIMARY FLUSH LINE AND APPROXIMATELY 20 INCHES ABOVE THE PUMP. CLINICAL CONSULTANT RECOMMENDED TO LOWER THE PRIMARY BAG FURTHER AS LARGE SECONDARY CONTAINERS OR RATES GREATER THAN 500ML/HR CAN RESULT IN CONCURRENT FLOW"". THERE WAS PATIENT INVOLVEMENT BUT NO HARM. ALTHOUGH REQUESTED NO ADDITIONAL INFORMATION WAS PROVIDED BY THE CUSTOMER, NO DEVICES WERE RETURNED. IT WAS REPORTED BY THE CUSTOMER ""NURSES IN BOTH THE CCU AND 3NW EXPRESSED CONCERNS REGARDING THE SIMULTANEOUS INFUSION OF SECONDARY INFUSIONS ALONGSIDE PRIMARY SOLUTIONS THROUGH PUMPS. 3NW NURSE (B)(6) COMPLAINED THAT HE ADMINISTERED ETOPOSIDE VIA A SECONDARY INFUSION AND THE ETOPOSIDE WAS DRIPPING AT THE SAME TIME AS THE PRIMARY FLUSH LINE. THE ETOPOSIDE SECONDARY INFUSION WAS APPROPRIATELY HUNG 9.5 INCHES ABOVE THE PRIMARY FLUSH LINE AND APPROXIMATELY 20 INCHES ABOVE THE PUMP. CLINICAL CONSULTANT RECOMMENDED TO LOWER THE PRIMARY BAG FURTHER AS LARGE SECONDARY CONTAINERS OR RATES GREATER THAN 500 ML/HR CAN RESULT IN CONCURRENT FLOW"". THERE WAS PATIENT INVOLVEMENT BUT NO HARM. ALTHOUGH REQUESTED NO ADDITIONAL INFORMATION WILL BE PROVIDED BY THE CUSTOMER, NO DEVICES WILL BE RETURNED.",,"No Clinical Signs, Symptoms or Conditions; No Clinical Signs, Symptoms or Conditions",Malfunction,https://www.accessdata.fda.gov/scripts/cdrh/cfdocs/cfmaude/detail.cfm?mdrfoi__id=21501675,FDA openFDA MAUDE,270b371d1ee2ba2d18694c1fde08e374488acad437c08bd0edfd6b7734324286
21501676,2025-03-03,2025-01-30,"PUMP, INFUSION",CAREFUSION SD,8100,FRN,"IT WAS REPORTED THAT MODULES ""A AND B"" WERE UNABLE TO DETACH FROM THE PCU. DURING INITIAL DEVICE ASSESSMENT BY ON SITE MANUFACTURER REPRESENTATIVE, IT WAS FOUND CHANNEL A WITH FLUID INGRESS UNDER THE IUI (M) CONNECTOR, A STICKING MODULE LATCH ASSEMBLY AND SURFACE CONTAMINANTS ON THE IUI (F) CONNECTOR. CHANNEL B WAS FOUND WITH A STICKING MODULE LATCH ASSEMBLY. CHANNELS C AND D WERE STUCK TOGETHER. CAHNNEL C WAS NOTED TO HAVE A STICKING MODULE LATCH ASSEMBLY AND SURFACE CONTAMINANTS ON THE IUI (M) CONNECTOR. CHANNEL D WAS NOTED TO HAVE A STICKING MODULE LATCH ASSEMBLY. THIS WAS REPORTED TO BD REPRESENTATIVES DURING THEIR SITE VISIT. THERE WAS NO REPORTED PATIENT INVOLVEMENT. IT WAS REPORTED THAT MODULES ""A AND B"" WERE UNABLE TO DETACH FROM THE PCU. DURING INITIAL DEVICE ASSESSMENT BY ON SITE MANUFACTURER REPRESENTATIVE, IT WAS FOUND CHANNEL A WITH FLUID INGRESS UNDER THE IUI (M) CONNECTOR, A STICKING MODULE LATCH ASSEMBLY AND SURFACE CONTAMINANTS ON THE IUI (F) CONNECTOR. CHANNEL B WAS FOUND WITH A STICKING MODULE LATCH ASSEMEBLY. CHANNELS C AND D WERE STUCK TOGETHER. CAHNNEL C WAS NOTED TO HAVE A STICKING MODULE LATCH ASSEMBLY AND SURFACE CONTAMINANTS ON THE IUI (M) CONNECTOR. CHANNEL D WAS NOTED TO HAVE A STICKING MODULE LATCH ASSEMBLY.THIS WAS REPORTED TO BD REPRESENTATIVES DURING THEIR SITE VISIT. THERE WAS NO REPORTED PATIENT INVOLVEMENT.",,"No Clinical Signs, Symptoms or Conditions; No Clinical Signs, Symptoms or Conditions",Malfunction,https://www.accessdata.fda.gov/scripts/cdrh/cfdocs/cfmaude/detail.cfm?mdrfoi__id=21501676,FDA openFDA MAUDE,1acb74705df2fd0fac0d3c038781cac20423742e3e1bfbaec8b0474fe706035a
21501677,2025-03-03,2025-01-30,"PUMP, INFUSION",CAREFUSION SD,8100,FRN,"IT WAS REPORTED THAT MODULES ""A AND B"" WERE UNABLE TO DETACH FROM THE PCU. DURING INITIAL DEVICE ASSESSMENT BY ON SITE MANUFACTURER REPRESENTATIVE, IT WAS FOUND CHANNEL A WITH FLUID INGRESS UNDER THE IUI (M) CONNECTOR, A STICKING MODULE LATCH ASSEMBLY AND SURFACE CONTAMINANTS ON THE IUI (F) CONNECTOR. CHANNEL B WAS FOUND WITH A STICKING MODULE LATCH ASSEMBLY. CHANNELS C AND D WERE STUCK TOGETHER. CAHNNEL C WAS NOTED TO HAVE A STICKING MODULE LATCH ASSEMBLY AND SURFACE CONTAMINANTS ON THE IUI (M) CONNECTOR. CHANNEL D WAS NOTED TO HAVE A STICKING MODULE LATCH ASSEMBLY. THIS WAS REPORTED TO BD REPRESENTATIVES DURING THEIR SITE VISIT. THERE WAS NO REPORTED PATIENT INVOLVEMENT. IT WAS REPORTED THAT MODULES ""A AND B"" WERE UNABLE TO DETACH FROM THE PCU. DURING INITIAL DEVICE ASSESSMENT BY ON SITE MANUFACTURER REPRESENTATIVE, IT WAS FOUND CHANNEL A WITH FLUID INGRESS UNDER THE IUI (M) CONNECTOR, A STICKING MODULE LATCH ASSEMBLY AND SURFACE CONTAMINANTS ON THE IUI (F) CONNECTOR. CHANNEL B WAS FOUND WITH A STICKING MODULE LATCH ASSEMEBLY. CHANNELS C AND D WERE STUCK TOGETHER. CAHNNEL C WAS NOTED TO HAVE A STICKING MODULE LATCH ASSEMBLY AND SURFACE CONTAMINANTS ON THE IUI (M) CONNECTOR. CHANNEL D WAS NOTED TO HAVE A STICKING MODULE LATCH ASSEMBLY.THIS WAS REPORTED TO BD REPRESENTATIVES DURING THEIR SITE VISIT. THERE WAS NO REPORTED PATIENT INVOLVEMENT.",,"No Clinical Signs, Symptoms or Conditions; No Clinical Signs, Symptoms or Conditions",Malfunction,https://www.accessdata.fda.gov/scripts/cdrh/cfdocs/cfmaude/detail.cfm?mdrfoi__id=21501677,FDA openFDA MAUDE,1acb74705df2fd0fac0d3c038781cac20423742e3e1bfbaec8b0474fe706035a
21735968,2025-04-01,,"PUMP, INFUSION",BAXTER HEALTHCARE CORPORATION,35700BAX2,FRN,"DURING EVALUATION OF A RETURNED SPECTRUM PUMP, THE DEVICE ALARMED A FALSE -DOWNSTREAM OCCLUSION ALARM. NO ADDITIONAL INFORMATION IS AVAILABLE.",,"No Clinical Signs, Symptoms or Conditions; No Clinical Signs, Symptoms or Conditions",Malfunction,https://www.accessdata.fda.gov/scripts/cdrh/cfdocs/cfmaude/detail.cfm?mdrfoi__id=21735968,FDA openFDA MAUDE,b39764d409cbf8f9b8b2adeeb884502928e8c860ff88fb353ef35b2bbb2607b4
21735970,2025-04-01,2025-02-18,"PUMP, INFUSION",BAXTER HEALTHCARE CORPORATION,40700BAXUS,FRN,"IT WAS REPORTED THAT A NOVUM IQ LARGE VOLUME PUMP HAD NUMEROUS UPSTREAM OCCLUSION ALARMS IN THE ONCOLOGY DEPARTMENT. THE PUMP WAS ALARMING ""UPSTREAM OCCLUSION"" WHEN THE REGISTERED NURSE (RN) HAD STARTED THE GEMCITABINE (CHEMO) INFUSION RUNNING AT 675ML/HR FOR 30 MINUTES PROGRAMMED AS A PRIMARY TUBING BUT SET UP AS A SECONDARY. RN TRIED TO TROUBLESHOOT AND REMOVE THE TUBING AND START THE PROCESS FROM THE BEGINNING, IT BEGAN TO INFUSE BUT A FEW SECONDS AFTER INFUSING, THE PUMP ALARMED AGAIN AND THERE WERE NO VISIBLE SIGN OF OCCLUSION. THE PATIENT HAD NOT RECEIVED ANY OF THE CHEMO. THERE WAS NO REPORT OF PATIENT INJURY OR MEDICAL INTERVENTION ASSOCIATED WITH THIS EVENT. NO ADDITIONAL INFORMATION IS AVAILABLE.",,"No Clinical Signs, Symptoms or Conditions; No Clinical Signs, Symptoms or Conditions",Malfunction,https://www.accessdata.fda.gov/scripts/cdrh/cfdocs/cfmaude/detail.cfm?mdrfoi__id=21735970,FDA openFDA MAUDE,2fdc4b7db8e86801855478492cb7ef371d8274ac13d5733bb4d53befac828058
21735984,2025-04-01,2025-02-19,"PUMP, INFUSION",BAXTER HEALTHCARE CORPORATION,40700BAXUS,FRN,IT WAS REPORTED THAT A NOVUM IQ LARGE VOLUME PUMP UNDERINFUSED DURING INFUSION. THE PROPOFOL WAS NOT INFUSING INTO THE PATIENT PROPERLY. A PERIPHERAL IV (INTRAVENOUS) LINE WAS USED. THERE WAS NO REPORT OF PATIENT INJURY OR MEDICAL INTERVENTION ASSOCIATED WITH THIS EVENT. NO ADDITIONAL INFORMATION IS AVAILABLE.,,"No Clinical Signs, Symptoms or Conditions; No Clinical Signs, Symptoms or Conditions",Malfunction,https://www.accessdata.fda.gov/scripts/cdrh/cfdocs/cfmaude/detail.cfm?mdrfoi__id=21735984,FDA openFDA MAUDE,2642555d7421bb8aac8683f9f8af08c6e1652280debc244c1eebe8bbb2b2764d
21736003,2025-04-01,2025-02-27,"PUMP, INFUSION",CAREFUSION SD,8100,FRN,"IT WAS REPORTED THAT THE PATIENT WAS HOOKED UP TO AN IV FOR AN ABX INFUSION. THE PATIENT WENT FOR A WALK IN A WAGON WITH THE MOM PUSHING THE WAGON AND THE DAD PUSHING AN IV POLE. THE PATIENT AND FAMILY RETURNED TO THEIR ROOM WITH THE PUMP MODULE BEEPING. THE PUMP MODULE WAS NON-STOP BEEPING DESPITE PRESSING SILENCE AND ATTEMPTING TO TURN THE PUMP MODULE OFF. THERE WAS AN IV MESSAGE SAYING, ""CHANNEL DISCONNECTED"", THEN THE WRITER AND NURSES ATTEMPTED TO RECONNECT THE PUMP MODULE TO THE IV PUMP, WITH NO SUCCESS. THE PUMP MODULE REMAINED BEEPING WITH THE SAME ERROR MESSAGE. THE CUSTOMER BELIEVES THIS WAS LIKELY CHANNEL DISCONNECTION CAUSED BY IUI, WHICH WAS REPLACED. THERE WERE NO FURTHER ISSUES FOUND. THERE WAS PATIENT INVOLVEMENT BUT NO HARM. IT WAS REPORTED THAT THE PATIENT WAS HOOKED UP TO AN IV FOR AN ABX INFUSION. THE PATIENT WENT FOR A WALK IN A WAGON WITH THE MOM PUSHING THE WAGON AND THE DAD PUSHING AN IV POLE. THE PATIENT AND FAMILY RETURNED TO THEIR ROOM WITH THE PUMP MODULE BEEPING. THE PUMP MODULE WAS NON-STOP BEEPING DESPITE PRESSING SILENCE AND ATTEMPTING TO TURN THE PUMP MODULE OFF. THERE WAS AN IV MESSAGE SAYING ""CHANNEL DISCONNECTED"", THEN THE WRITER AND NURSES ATTEMPTED TO RECONNECT THE PUMP MODULE TO THE IV PUMP, WITH NO SUCCESS. THE PUMP MODULE REMAINED BEEPING WITH THE SAME ERROR MESSAGE. THE CUSTOMER BELIEVES THIS WAS LIKELY CHANNEL DISCONNECTION CAUSED BY IUI, WHICH WAS REPLACED. THERE WERE NO FURTHER ISSUES FOUND. THERE WAS PATIENT INVOLVEMENT BUT NO HARM. A COPY OF THE HEALTH CANADA REPORT WAS RECEIVED, WHICH STATES, ""PT HOOKED UP FOR IV ABX INFUSION AND WENT FOR A WALK IN A WAGON WITH MOM PUSHING WAGON AND DAD PUSHING IV POLE. PT AND FAMILY RETURNED TO ROOM WITH IV PUMP BEEPING. IV PUMP NON-STOP BEEPING DESPITE PRESSING SILENCE AND ATTEMPTING TO TURN PUMP OFF. IV MESSAGE SAYING CHANNEL DISCONNECTED WRITER AND NURSES ATTEMPTED TO RECONNECT CHANNEL TO IV PUMP TO NO SUCCESS. IV PUMP REMAINED BEEPING WITH SAME ERROR MESSAGE.""",,"No Clinical Signs, Symptoms or Conditions; No Clinical Signs, Symptoms or Conditions",Malfunction,https://www.accessdata.fda.gov/scripts/cdrh/cfdocs/cfmaude/detail.cfm?mdrfoi__id=21736003,FDA openFDA MAUDE,2ba434c196a7e43985f31a93eea3a3e387ebda81fc4c24eea92adfe29983c98a
21736004,2025-04-01,2025-03-06,"PUMP, INFUSION",CAREFUSION SD,8100,FRN,"IT WAS REPORTED THAT A FAILURE WAS OBSERVED DURING A PLANNED PREVENTATIVE MAINTENANCE, RECALL REMEDIATION, OR REPAIR ORDER SERVICE EVENT. [REPAIR MULTI-DEVICE];[REPAIR MULTI-DEVICE]. THERE WAS NO REPORTED PATIENT INVOLVEMENT.",,"No Clinical Signs, Symptoms or Conditions; No Clinical Signs, Symptoms or Conditions",Malfunction,https://www.accessdata.fda.gov/scripts/cdrh/cfdocs/cfmaude/detail.cfm?mdrfoi__id=21736004,FDA openFDA MAUDE,c470ccd5cb355e14a79ece99fca8bb2e965de956bfd878d9f30eb0d04860ff41
21736005,2025-04-01,2025-03-06,"PUMP, INFUSION",CAREFUSION SD,8100,FRN,"IT WAS REPORTED THAT A FAILURE WAS OBSERVED DURING A PLANNED PREVENTATIVE MAINTENANCE, RECALL REMEDIATION, OR REPAIR ORDER SERVICE EVENT. [REPAIR MULTI-DEVICE];[REPAIR MULTI-DEVICE]. THERE WAS NO REPORTED PATIENT INVOLVEMENT.",,"No Clinical Signs, Symptoms or Conditions; No Clinical Signs, Symptoms or Conditions",Malfunction,https://www.accessdata.fda.gov/scripts/cdrh/cfdocs/cfmaude/detail.cfm?mdrfoi__id=21736005,FDA openFDA MAUDE,c470ccd5cb355e14a79ece99fca8bb2e965de956bfd878d9f30eb0d04860ff41
21736006,2025-04-01,2025-03-06,"PUMP, INFUSION",CAREFUSION SD,8100,FRN,"IT WAS REPORTED THAT A FAILURE WAS OBSERVED DURING A PLANNED PREVENTATIVE MAINTENANCE, RECALL REMEDIATION, OR REPAIR ORDER SERVICE EVENT. [REPAIR MULTI-DEVICE];[REPAIR MULTI-DEVICE]. THERE WAS NO REPORTED PATIENT INVOLVEMENT.",,"No Clinical Signs, Symptoms or Conditions; No Clinical Signs, Symptoms or Conditions",Malfunction,https://www.accessdata.fda.gov/scripts/cdrh/cfdocs/cfmaude/detail.cfm?mdrfoi__id=21736006,FDA openFDA MAUDE,c470ccd5cb355e14a79ece99fca8bb2e965de956bfd878d9f30eb0d04860ff41
21736058,2025-04-01,2025-03-04,"PUMP, INFUSION",MEDTRONIC PUERTO RICO OPERATIONS CO.,MMT-332A,FRN,IT WAS REPORTED TO MEDTRONIC MINIMED THAT THE CUSTOMER EXPERIENCED HYPERGLYCEMIA. CUSTOMER ALSO REPORTED AIR BUBBLES ANOMALY. CUSTOMER REPORTED HYPERGLYCEMIA TREATED WITH INSULIN PUMP (SUBCUTANEOUS INSULIN INFUSION). THE EVENT INVOLVED PRODUCT(S) MMT-332A. TROUBLESHOOTING WAS PERFORMED FOR AIR BUBBLES. CUSTOMER DID NOT HAVE A RESERVOIR PLUNGER AVAILABLE TO REMOVE THE AIR BUBBLES. TROUBLESHOOTING WAS PERFORMED FOR HIGH BLOOD GLUCOSE. CUSTOMER WAS USING THE AUTO MODE/SMART GUARD FEATURE AT THE TIME OF THE EVENT. CUSTOMER WAS USING THE INSULIN PUMP SYSTEM WITHIN 48 HOURS OF REPORTED EVENT. NO FURTHER PATIENT COMPLICATIONS WERE REPORTED. NO PRODUCT RETURN IS REQUIRED FOR MMT-332A.,,Hyperglycemia; Hyperglycemia,Malfunction,https://www.accessdata.fda.gov/scripts/cdrh/cfdocs/cfmaude/detail.cfm?mdrfoi__id=21736058,FDA openFDA MAUDE,7fe8a861f987f24f581c395e13cb21d14132519c4df409953b8197fb0f54f2f3
21736071,2025-04-01,2025-02-13,"PUMP, INFUSION",BAXTER HEALTHCARE CORPORATION,40700BAXUS,FRN,IT WAS REPORTED THAT A NOVUM IQ LARGE VOLUME PUMP UNDERINFUSED DURING INFUSION. THERE WAS AN UNDERDOSE OF VANCOMYCIN. THERE WAS NO REPORT OF PATIENT INJURY OR MEDICAL INTERVENTION ASSOCIATED WITH THIS EVENT. NO ADDITIONAL INFORMATION IS AVAILABLE.,,"No Clinical Signs, Symptoms or Conditions; No Clinical Signs, Symptoms or Conditions",Malfunction,https://www.accessdata.fda.gov/scripts/cdrh/cfdocs/cfmaude/detail.cfm?mdrfoi__id=21736071,FDA openFDA MAUDE,366b20469178152603566c2c1839442f9f0bc6d18400a4f6270c74b540fbb9de
21736106,2025-04-01,2025-03-04,"PUMP, INFUSION",MEDTRONIC PUERTO RICO OPERATIONS CO.,MMT-332A,FRN,IT WAS REPORTED TO MEDTRONIC MINIMED THAT THE CUSTOMER EXPERIENCED AIR BUBBLES ANOMALY. THE CUSTOMER REPORTED NO ADVERSE EVENT. THE EVENT INVOLVED PRODUCT(S) MMT-332A. TROUBLESHOOTING WAS PERFORMED AND ISSUE WAS UNRESOLVED. CUSTOMER NOTICED BIG AIR BUBBLES ON TOP OF THE RESERVOIR. NO HARM REQUIRING MEDICAL INTERVENTION WAS REPORTED. NO PRODUCT RETURN IS REQUIRED FOR MMT-332A.,,"No Clinical Signs, Symptoms or Conditions; No Clinical Signs, Symptoms or Conditions",Malfunction,https://www.accessdata.fda.gov/scripts/cdrh/cfdocs/cfmaude/detail.cfm?mdrfoi__id=21736106,FDA openFDA MAUDE,6c68abb46b740a09234353dbeb04cb7f126a17734abe30a062cd58a3935156f8
21736234,2025-04-01,2025-03-06,"PUMP, INFUSION",CAREFUSION SD,8100,FRN,"IT WAS REPORTED THAT A FAILURE WAS OBSERVED DURING A PLANNED PREVENTATIVE MAINTENANCE, RECALL REMEDIATION, OR REPAIR ORDER SERVICE EVENT. [REPAIR MULTI-DEVICE];[REPAIR MULTI-DEVICE]. THERE WAS NO REPORTED PATIENT INVOLVEMENT.",,"No Clinical Signs, Symptoms or Conditions; No Clinical Signs, Symptoms or Conditions",Malfunction,https://www.accessdata.fda.gov/scripts/cdrh/cfdocs/cfmaude/detail.cfm?mdrfoi__id=21736234,FDA openFDA MAUDE,c470ccd5cb355e14a79ece99fca8bb2e965de956bfd878d9f30eb0d04860ff41
21736243,2025-04-01,2025-03-10,"PUMP, INFUSION",CAREFUSION SD,8110,FRN,IT WAS REPORTED THAT THE DEVICE IS NOT INFUSING BUT DISPLAYS AS IT IS INFUSING. THERE WAS NO PATIENT INVOLVEMENT.,,"No Clinical Signs, Symptoms or Conditions; No Clinical Signs, Symptoms or Conditions",Malfunction,https://www.accessdata.fda.gov/scripts/cdrh/cfdocs/cfmaude/detail.cfm?mdrfoi__id=21736243,FDA openFDA MAUDE,8d337e124f45ded0f61080b37d7f449de670ce5f563ae6c42433e13dd62fea25
21736246,2025-04-01,2025-03-06,"PUMP, INFUSION",CAREFUSION SD,8100,FRN,"IT WAS REPORTED THAT A FAILURE WAS OBSERVED DURING A PLANNED PREVENTATIVE MAINTENANCE, RECALL REMEDIATION, OR REPAIR ORDER SERVICE EVENT. [REPAIR MULTI-DEVICE];[REPAIR MULTI-DEVICE]. THERE WAS NO REPORTED PATIENT INVOLVEMENT.",,"No Clinical Signs, Symptoms or Conditions; No Clinical Signs, Symptoms or Conditions",Malfunction,https://www.accessdata.fda.gov/scripts/cdrh/cfdocs/cfmaude/detail.cfm?mdrfoi__id=21736246,FDA openFDA MAUDE,c470ccd5cb355e14a79ece99fca8bb2e965de956bfd878d9f30eb0d04860ff41
21736436,2025-04-01,2025-02-14,"PUMP, INFUSION",CAREFUSION SD,8015,FRN,"IT WAS INITIALLY REPORTED THAT THE PATIENT WAS RECEIVING INFUSIONS OF NOREPINEPHRINE AT 0.07 MCG/KG/MIN, PRECEDEX AT 1 MCG/KG/HR., AND NORMAL SALINE ""PUSH"" AT 1 ML/HR. VIAL CHANNELS ATTACHED TO THE SAME ALARIS 8015 PC UNIT. THE DEVICE REPORTEDLY BEGAN ALARMING ""COMMUNICATION ERROR, BUT IT WAS UNCLEAR IF ALL INFUSIONS HAD ALREADY STOPPED. THE POWER BUTTON WAS FLASHING, SO THE USER PRESSED IT, AND THE PCU TURNED OFF. THE USER THEN RESTARTED THE DEVICE WHILE URGENTLY CALLING THE PHYSICIAN TO THE BEDSIDE. ALL INFUSIONS WERE RESTARTED SIMULTANEOUSLY BECAUSE NO OTHER PUMPS WERE AVAILABLE IN THE ROOM AT THAT TIME. A NEW ALARIS SYSTEM WAS OBTAINED, AND ALL INFUSIONS WERE SLOWLY TRANSFERRED TO THE NEW DEVICE AS STABILITY ALLOWED. BD RECEIVED ADDITIONAL INFORMATION THROUGH DUE DILIGENCE ATTEMPTS. IT WAS REPORTED THAT THERE WAS NO PATIENT HARM. THE CUSTOMER IS REQUESTING THE MANUFACTURER TO DETERMINE ""WHETHER THE INFUSION SHOULD HAVE CONTINUED IN THIS CASE, NO MATTER WHAT? (ERROR 800.8000.0)"". THE CUSTOMER IS REQUESTING FOR LOG INTERPRETATION AND IDENTIFY THE POTENTIAL CAUSES OF THE ERROR 800.8000.0.",,"No Clinical Signs, Symptoms or Conditions; No Clinical Signs, Symptoms or Conditions",Malfunction,https://www.accessdata.fda.gov/scripts/cdrh/cfdocs/cfmaude/detail.cfm?mdrfoi__id=21736436,FDA openFDA MAUDE,745c458b22ca2ead33c561fb410cb1776d4c6174f76c2dbc013106fa4193a561
21736438,2025-04-01,2025-03-06,"PUMP, INFUSION",CAREFUSION SD,8100,FRN,IT WAS REPORTED THAT THE DEVICE HAD ERROR CODE 242.4030 WHEN CLINICIAN TURNED ON THE DEVICE. THERE WAS PATIENT INVOLVEMENT BUT NO HARM.,,"No Clinical Signs, Symptoms or Conditions; No Clinical Signs, Symptoms or Conditions",Malfunction,https://www.accessdata.fda.gov/scripts/cdrh/cfdocs/cfmaude/detail.cfm?mdrfoi__id=21736438,FDA openFDA MAUDE,47d394bfc555e87fb79c17addab64867f21a32ce51a48e6f66126173b6dfe415
21941090,2025-05-01,2025-04-03,"PUMP, INFUSION",BAXTER HEALTHCARE CORPORATION,35700BAX2,FRN,"DURING EVALUATION OF A RETURNED SPECTRUM PUMP, THE DEVICE HAD SYSTEM ERROR 345 (THERMISTOR DISPARITY). NO ADDITIONAL INFORMATION IS AVAILABLE.",,"No Clinical Signs, Symptoms or Conditions; No Clinical Signs, Symptoms or Conditions",Malfunction,https://www.accessdata.fda.gov/scripts/cdrh/cfdocs/cfmaude/detail.cfm?mdrfoi__id=21941090,FDA openFDA MAUDE,670620f753797473c0c0703835df20c17a60f6c00ae0485034dcd5de054f6abb
21941113,2025-05-01,2025-03-11,"PUMP, INFUSION",BAXTER HEALTHCARE CORPORATION,35700BAX,FRN,"DURING EVALUATION OF A RETURNED SPECTRUM PUMP, AFTER LOADING A SET AND CLOSING THE DOOR, THE UNIT ALARMED SYSTEM ERROR 322 (LINK SWITCH ERROR (LOW). NO ADDITIONAL INFORMATION IS AVAILABLE.",,"No Clinical Signs, Symptoms or Conditions; No Clinical Signs, Symptoms or Conditions",Malfunction,https://www.accessdata.fda.gov/scripts/cdrh/cfdocs/cfmaude/detail.cfm?mdrfoi__id=21941113,FDA openFDA MAUDE,524b2acfc16c0ea216bb4ff1c521b63954d3e6c2581a8e319b58e37b004aed24
21941286,2025-05-01,,"PUMP, INFUSION",B BRAUN MELSUNGEN AG,8713050,FRN,"THE MEDICATION DID NOT RUN IN 24 HOURS, HOWEVER, THE PUMP ALARMED INDICATING THAT IT HAD FINISHED. NO PATIENT COMPLICATIONS WERE REPORTED AS A RESULT OF THIS EVENT.",,"No Clinical Signs, Symptoms or Conditions; No Clinical Signs, Symptoms or Conditions",Malfunction,https://www.accessdata.fda.gov/scripts/cdrh/cfdocs/cfmaude/detail.cfm?mdrfoi__id=21941286,FDA openFDA MAUDE,fc244aaf4413c53397e84efd8690bdd712ecfa48b98760194c3a0302a7f1c072
21941399,2025-05-01,2024-09-25,"PUMP, INFUSION",CAREFUSION SD,8100,FRN,"IT WAS REPORTED THAT A FAILURE WAS OBSERVED DURING A PLANNED PREVENTATIVE MAINTENANCE, RECALL REMEDIATION, OR REPAIR ORDER SERVICE EVENT. [DEPOT REPAIR];[UNKNOWN OR UNSPECIFIED DEVICE ISSUE]. THERE WAS NO REPORTED PATIENT INVOLVEMENT.",,"No Clinical Signs, Symptoms or Conditions; No Clinical Signs, Symptoms or Conditions",Malfunction,https://www.accessdata.fda.gov/scripts/cdrh/cfdocs/cfmaude/detail.cfm?mdrfoi__id=21941399,FDA openFDA MAUDE,32b0afbd8e2736aa2fe1fc48f18c3234e9233a3b0729a0132af3a8bab8f3870f
21941447,2025-05-01,,"PUMP, INFUSION",BAXTER HEALTHCARE CORPORATION,3570009,FRN,IT WAS REPORTED THAT A SPECTRUM IQ INFUSION PUMP HAD LOW FLOW RATE. THIS OCCURRED DURING AN UNSPECIFIED PROCESS STEP. THERE WAS NO REPORT OF PATIENT INJURY OR MEDICAL INTERVENTION ASSOCIATED WITH THIS EVENT. NO ADDITIONAL INFORMATION IS AVAILABLE.,,"No Clinical Signs, Symptoms or Conditions; No Clinical Signs, Symptoms or Conditions",Malfunction,https://www.accessdata.fda.gov/scripts/cdrh/cfdocs/cfmaude/detail.cfm?mdrfoi__id=21941447,FDA openFDA MAUDE,6d2eb4bc79a098be4fe5880f3811a6369d1bd6d4ac638e1cf63b4456335116db
21941524,2025-05-01,,"PUMP, INFUSION",BAXTER HEALTHCARE CORPORATION,3570009,FRN,IT WAS REPORTED THAT A SPECTRUM IQ INFUSION PUMP HAD AN ISSUE: FLOW RATE. THIS OCCURRED DURING AN UNSPECIFIED PROCESS STEP. THERE WAS NO REPORT OF PATIENT INJURY OR MEDICAL INTERVENTION ASSOCIATED WITH THIS EVENT. NO ADDITIONAL INFORMATION IS AVAILABLE.,,"No Clinical Signs, Symptoms or Conditions; No Clinical Signs, Symptoms or Conditions",Malfunction,https://www.accessdata.fda.gov/scripts/cdrh/cfdocs/cfmaude/detail.cfm?mdrfoi__id=21941524,FDA openFDA MAUDE,91bcd6431fb287c53a1e5a161c60a6956d21e21fa582cdc4674c0d31922d6f60
21941577,2025-05-01,,"PUMP, INFUSION",BAXTER HEALTHCARE CORPORATION,3570009,FRN,IT WAS REPORTED THAT A SPECTRUM IQ INFUSION PUMP HAD AN ISSUE: FLOW RATE. THIS OCCURRED DURING AN UNSPECIFIED PROCESS STEP. THERE WAS NO REPORT OF PATIENT INJURY OR MEDICAL INTERVENTION ASSOCIATED WITH THIS EVENT. NO ADDITIONAL INFORMATION IS AVAILABLE.,,"No Clinical Signs, Symptoms or Conditions; No Clinical Signs, Symptoms or Conditions",Malfunction,https://www.accessdata.fda.gov/scripts/cdrh/cfdocs/cfmaude/detail.cfm?mdrfoi__id=21941577,FDA openFDA MAUDE,91bcd6431fb287c53a1e5a161c60a6956d21e21fa582cdc4674c0d31922d6f60
21941656,2025-05-01,,"PUMP, INFUSION",BAXTER HEALTHCARE CORPORATION,3570009,FRN,IT WAS REPORTED THAT A SPECTRUM IQ INFUSION PUMP HAD AN ISSUE: FLOW RATE. THIS OCCURRED DURING AN UNSPECIFIED PROCESS STEP. THERE WAS NO REPORT OF PATIENT INJURY OR MEDICAL INTERVENTION ASSOCIATED WITH THIS EVENT. NO ADDITIONAL INFORMATION IS AVAILABLE.,,"No Clinical Signs, Symptoms or Conditions; No Clinical Signs, Symptoms or Conditions",Malfunction,https://www.accessdata.fda.gov/scripts/cdrh/cfdocs/cfmaude/detail.cfm?mdrfoi__id=21941656,FDA openFDA MAUDE,91bcd6431fb287c53a1e5a161c60a6956d21e21fa582cdc4674c0d31922d6f60
21941726,2025-05-01,2025-04-01,"PUMP, INFUSION","SMITHS MEDICAL ASD, INC.",2120,FRN,"IT WAS REPORTED THAT THE PUMP EXHIBITED A NO CASSETTE ALARM. THERE WAS PATIENT INVOLVEMENT, NO PATIENT INJURY WAS REPORTED.",,"No Clinical Signs, Symptoms or Conditions; No Clinical Signs, Symptoms or Conditions",Malfunction,https://www.accessdata.fda.gov/scripts/cdrh/cfdocs/cfmaude/detail.cfm?mdrfoi__id=21941726,FDA openFDA MAUDE,18226ba669b0f914fb82fd7ce968cefc16343f8c9180f8bacfcf986a198d8e1b
21941973,2025-05-01,2025-02-08,"PUMP, INFUSION","ICU MEDICAL, INC.",2120,FRN,"IT WAS REPORTED THAT THE PUMP HAD A RED SCREEN AND EXHIBITED ERROR CODES 41622 (HIGH PRESSURE) AND 1103 (POWER LOSS). THERE WAS PATIENT INVOLVEMENT, NO PATIENT INJURY WAS REPORTED. IT WAS REPORTED THAT THE PUMP EXHIBITED A RED SCREEN AND HAD ERROR CODES 41622 AND 1103. THERE WAS PATIENT INVOLVEMENT, NO PATIENT INJURY WAS REPORTED.",,"No Clinical Signs, Symptoms or Conditions; No Clinical Signs, Symptoms or Conditions",Malfunction,https://www.accessdata.fda.gov/scripts/cdrh/cfdocs/cfmaude/detail.cfm?mdrfoi__id=21941973,FDA openFDA MAUDE,b91cfbddc148e3eb5d847d24305161f7452d6fefc69f1cdf2448f40405e0450e
21942001,2025-05-01,2025-02-27,"PUMP, INFUSION",BAXTER HEALTHCARE CORPORATION,35700BAX,FRN,IT WAS REPORTED THAT A SPECTRUM PUMP HAD AN IMPROPER SHUT DOWN DURING DEVICE POWER UP IN THE MEDICINE DEPARTMENT. THERE WAS NO PATIENT INVOLVEMENT. NO ADDITIONAL INFORMATION IS AVAILABLE.,,"No Clinical Signs, Symptoms or Conditions; No Clinical Signs, Symptoms or Conditions",Malfunction,https://www.accessdata.fda.gov/scripts/cdrh/cfdocs/cfmaude/detail.cfm?mdrfoi__id=21942001,FDA openFDA MAUDE,420fb8642d71894394b808f3c177c5152361ab6009282eb759dfe6a2d0f1fb26
21942148,2025-05-01,2025-01-01,"PUMP, INFUSION","SMITH¿S MEDICAL ASD, INC.",2120,FRN,"IT WAS REPORTED THAT THE DEVICE HAD A RED SCREEN WITH ERROR CODE 41786. THERE WAS NO PATIENT INVOLVEMENT, AND NO PATIENT HARM/ADVERSE EVENT REPORTED.",,"No Clinical Signs, Symptoms or Conditions; No Clinical Signs, Symptoms or Conditions",Malfunction,https://www.accessdata.fda.gov/scripts/cdrh/cfdocs/cfmaude/detail.cfm?mdrfoi__id=21942148,FDA openFDA MAUDE,9e8c1d8911ebeb36b5386779ecc9e5a71ef4c0f9be234c83e71c534be6fe078f
21942334,2025-05-01,2025-04-06,"PUMP, INFUSION","SMITHS MEDICAL ASD, INC.",6101,FRN,"IT WAS REPORTED THAT THE PUMP EXHIBITED A CONNECTION TO POWER SOURCE ALARM. THE BATTERY WAS REMOVED AND THE PUMP TURNED ON AND ALARMED. THERE WAS PATIENT INVOLVEMENT, NO PATIENT INJURY WAS REPORTED.",,"No Clinical Signs, Symptoms or Conditions; No Clinical Signs, Symptoms or Conditions",Malfunction,https://www.accessdata.fda.gov/scripts/cdrh/cfdocs/cfmaude/detail.cfm?mdrfoi__id=21942334,FDA openFDA MAUDE,ffb8e4ce9593aed204813ebe97cbf1a2e84bf8f28384318f217ff4bcf220ce0b
21942413,2025-05-01,2025-04-02,"PUMP, INFUSION",BAXTER HEALTHCARE CORPORATION,40700BAXUS,FRN,"IT WAS REPORTED THAT A NOVUM IQ LARGE VOLUME PUMP UNDER-INFUSED 1L NORMAL SALINE (NS) BOLUS OVER 1HR. THIS WAS OBSERVED DURING PATIENT INFUSION ON THE NEUROSCIENCE INTENSIVE CARE UNIT. THE NURSE HUNG A 1L NS BAG AND PROGRAMMED THE BOLUS ENSURING THE LINE WAS OPEN AND NOT CLAMPED AT ANY POINT. AFTER 1HR OF RUNNING, THE PUMP ALARMED ¿INFUSION COMPLETE'; HOWEVER, THERE WAS STILL 500ML LEFT IN THE BAG. THERE WAS NO REPORT OF PATIENT INJURY OR MEDICAL INTERVENTION ASSOCIATED WITH THIS EVENT. NO ADDITIONAL INFORMATION IS AVAILABLE.",,"No Clinical Signs, Symptoms or Conditions; No Clinical Signs, Symptoms or Conditions",Malfunction,https://www.accessdata.fda.gov/scripts/cdrh/cfdocs/cfmaude/detail.cfm?mdrfoi__id=21942413,FDA openFDA MAUDE,2ee38033e236cc16e4bb7003ea3cf2bfb5857111c8970e97e80daced021a7123
21942529,2025-05-01,2025-01-08,"PUMP, INFUSION",BAXTER HEALTHCARE CORPORATION,35700BAX,FRN,IT WAS REPORTED THAT A SPECTRUM PUMP HAD AN IMPROPER SHUTDOWN DURING DEVICE POWER UP IN THE EMERGENCY DEPARTMENT. THERE WAS NO PATIENT INVOLVEMENT. NO ADDITIONAL INFORMATION IS AVAILABLE.,,"No Clinical Signs, Symptoms or Conditions; No Clinical Signs, Symptoms or Conditions",Malfunction,https://www.accessdata.fda.gov/scripts/cdrh/cfdocs/cfmaude/detail.cfm?mdrfoi__id=21942529,FDA openFDA MAUDE,8dcc5ccbe88cb5c9f5f0aee12fdb7e8fda42eee665375871f8d089eff9adbaef
22121347,2025-06-01,2025-05-07,"PUMP, INFUSION",CAREFUSION SD,8100,FRN,IT WAS REPORTED BY CUSTOMER THAT IUI LEFT CONNECTOR PIN WAS CORRODED. THIS WAS REPORTED TO BD REPRESENTATIVES DURING THEIR SITE VISIT. THERE WAS NO INFORMATION ON PATIENT INVOLVEMENT.,,Insufficient Information; Insufficient Information,Malfunction,https://www.accessdata.fda.gov/scripts/cdrh/cfdocs/cfmaude/detail.cfm?mdrfoi__id=22121347,FDA openFDA MAUDE,277f390bf9e3ad472b28bfcddd50ecbaf5049279f6a323e108c1565fda507497
22121348,2025-06-01,2025-03-02,"PUMP, INFUSION",CAREFUSION SD,8100,FRN,"IT WAS REPORTED THERE WAS AN OVER INFUSION OF NAFCILLIN. THE INFUSION STARTED AT 1810 ENDED AT 0228 OF WHICH THE ENTIRE BAG DELIVERED. WHILE ON SITE, BD REPRESENTATIVE WAS ABLE TO VISUALLY INSPECT DEVICES INVOLVED IN THE EVENT AND FOUND SURFACE CONTAMINANT ON THE MALE IUI CONNECTOR OF THE PCU INVOLVED IN THE EVENT. THE SUSPECT PUMP MODULE WAS ALSO INSPECTED, AND NO ISSUES WERE OBSERVED. THERE WAS PATIENT INVOLVEMENT, HOWEVER OUTCOME IS UNKNOWN. BD RECEIVED ADDITIONAL INFORMATION. IT WAS REPORTED THAT THERE WAS NO PATIENT HARM. IT WAS REPORTED THERE WAS AN OVER INFUSION OF NAFCILLIN. THE INFUSION STARTED AT 1810 ENDED AT 0228 OF WHICH THE ENTIRE BAG DELIVERED. WHILE ON SITE, BD REPRESENTATIVE WAS ABLE TO VISUALLY INSPECT DEVICES INVOLVED IN THE EVENT AND FOUND SURFACE CONTAMINANT ON THE MALE IUI CONNECTOR OF THE PCU INVOLVED IN THE EVENT. THE SUSPECT PUMP MODULE WAS ALSO INSPECTED, AND NO ISSUES WERE OBSERVED. THERE WAS PATIENT INVOLVEMENT, HOWEVER OUTCOME IS UNKNOWN.",,"Insufficient Information; No Clinical Signs, Symptoms or Conditions; Insufficient Information; No Clinical Signs, Symptoms or Conditions",Malfunction,https://www.accessdata.fda.gov/scripts/cdrh/cfdocs/cfmaude/detail.cfm?mdrfoi__id=22121348,FDA openFDA MAUDE,1c054b63d5dd4ba92d5d03f83ca1b32d4a1d696c67bce43c99950423774a5c10
22121349,2025-06-01,2025-05-07,"PUMP, INFUSION",CAREFUSION SD,8100,FRN,IT WAS REPORTED THERE WERE CHANNEL ERRORS. THIS WAS REPORTED TO BD REPRESENTATIVES DURING THEIR SITE VISIT. THERE WAS PATIENT INVOLVEMENT BUT NO HARM.,,Insufficient Information; Insufficient Information,Malfunction,https://www.accessdata.fda.gov/scripts/cdrh/cfdocs/cfmaude/detail.cfm?mdrfoi__id=22121349,FDA openFDA MAUDE,ac7c2646cdfd8e4d36e1ff0b246c06beca8c46123f99183782116e0aacf84bce
22121350,2025-06-01,2025-05-07,"PUMP, INFUSION",CAREFUSION SD,8100,FRN,IT WAS REPORTED WHEN MOVING THE IV POLE THERE WAS A CHANNEL DISCONNECT ALARM AND RED SCREEN. THIS WAS REPORTED TO BD REPRESENTATIVES DURING THEIR SITE VISIT. THERE WAS PATIENT INVOLVEMENT BUT NO HARM.,,"No Clinical Signs, Symptoms or Conditions; No Clinical Signs, Symptoms or Conditions",Malfunction,https://www.accessdata.fda.gov/scripts/cdrh/cfdocs/cfmaude/detail.cfm?mdrfoi__id=22121350,FDA openFDA MAUDE,8c8af64a9b98b1e34519ba516a26248e1d23d9f6d8ea30e16e61e8daa7a64d05
22121393,2025-06-02,2025-05-07,"PUMP, INFUSION",CAREFUSION SD,8100,FRN,"IT WAS REPORTED THAT A FAILURE WAS OBSERVED DURING A PLANNED PREVENTATIVE MAINTENANCE, RECALL REMEDIATION, OR REPAIR ORDER SERVICE EVENT. [REPAIR MULTI-DEVICE];[REPAIR MULTI-DEVICE]. THERE WAS NO REPORTED PATIENT INVOLVEMENT. IT WAS REPORTED THAT A FAILURE WAS OBSERVED DURING A PLANNED PREVENTATIVE MAINTENANCE, RECALL REMEDIATION, OR REPAIR ORDER SERVICE EVENT. [REPAIR MULTI-DEVICE]; [REPAIR MULTI-DEVICE]. THERE WAS NO REPORTED PATIENT INVOLVEMENT.",,"No Clinical Signs, Symptoms or Conditions; No Clinical Signs, Symptoms or Conditions",Malfunction,https://www.accessdata.fda.gov/scripts/cdrh/cfdocs/cfmaude/detail.cfm?mdrfoi__id=22121393,FDA openFDA MAUDE,21facb06d89508caf46f2667a472ec7b33da5b4aebbf2ad344a35935fe6349ee
22121422,2025-06-02,2025-05-07,"PUMP, INFUSION",CAREFUSION SD,8100,FRN,"IT WAS REPORTED THAT A FAILURE WAS OBSERVED DURING A PLANNED PREVENTATIVE MAINTENANCE, RECALL REMEDIATION, OR REPAIR ORDER SERVICE EVENT. [REPAIR MULTI-DEVICE];[REPAIR MULTI-DEVICE]. THERE WAS NO REPORTED PATIENT INVOLVEMENT.",,"No Clinical Signs, Symptoms or Conditions; No Clinical Signs, Symptoms or Conditions",Malfunction,https://www.accessdata.fda.gov/scripts/cdrh/cfdocs/cfmaude/detail.cfm?mdrfoi__id=22121422,FDA openFDA MAUDE,c470ccd5cb355e14a79ece99fca8bb2e965de956bfd878d9f30eb0d04860ff41
22121423,2025-06-02,2025-05-12,"PUMP, INFUSION",CAREFUSION SD,8110,FRN,"IT WAS REPORTED THAT THE FOLLOWING ISSUE WAS OBSERVED ON THE DEVICE: ""HAD ERROR CODE 352.6640."" ADDITIONAL NOTES PROVIDED BY THE FACILITY¿S CLINICAL ENGINEERING SUPPORT SERVICES INCLUDE: ""HAD ERROR CODE 352.6640 WHICH MEANS NEEDS CALIBRATION, DID FULL CALIBRATION ON IT PASS ALL TEST."" REPORTED PROBLEM CAUSE DESCRIPTION: ""CALIBRATION - ADJUSTMENT."" THERE WAS NO REPORTED PATIENT INVOLVEMENT. ALTHOUGH ADDITIONAL INFORMATION AND PRODUCT RETURN HAVE BEEN PREVIOUSLY REQUESTED, THE CUSTOMER PROVIDED A GENERAL STATEMENT THAT ¿NO FURTHER INFORMATION WILL BE PROVIDED, INCLUDING PATIENT DEMOGRAPHICS AND NO PRODUCTS WILL BE RETURNED.¿",,"No Clinical Signs, Symptoms or Conditions; No Clinical Signs, Symptoms or Conditions",Malfunction,https://www.accessdata.fda.gov/scripts/cdrh/cfdocs/cfmaude/detail.cfm?mdrfoi__id=22121423,FDA openFDA MAUDE,a2b8977d345fbc4e790697f6bef518fac44bd7efcfd2ebf6e3732a14f5cec2a5
22121424,2025-06-02,2025-05-12,"PUMP, INFUSION",CAREFUSION SD,8100,FRN,"IT WAS REPORTED THAT THE FOLLOWING ISSUE WAS OBSERVED ON THE DEVICE: ""CALIBRATED THE FLOW RATE STILL KEEPS FAILING PM."" ADDITIONAL NOTES PROVIDED BY THE FACILITY¿S CLINICAL ENGINEERING SUPPORT SERVICES INCLUDE: ""I VERIFIED THE ISSUE. FLASHED THE UNIT. RAN CALIBRATIONS AND THEN IT PASSED PM INSPECTION."" REPORTED PROBLEM CAUSE DESCRIPTION: ""CALIBRATION - ADJUSTMENT."" THERE WAS NO REPORTED PATIENT INVOLVEMENT. ALTHOUGH ADDITIONAL INFORMATION AND PRODUCT RETURN HAVE BEEN PREVIOUSLY REQUESTED, THE CUSTOMER PROVIDED A GENERAL STATEMENT THAT ¿NO FURTHER INFORMATION WILL BE PROVIDED, INCLUDING PATIENT DEMOGRAPHICS AND NO PRODUCTS WILL BE RETURNED.¿",,"No Clinical Signs, Symptoms or Conditions; No Clinical Signs, Symptoms or Conditions",Malfunction,https://www.accessdata.fda.gov/scripts/cdrh/cfdocs/cfmaude/detail.cfm?mdrfoi__id=22121424,FDA openFDA MAUDE,07c27347c9f2f9450d9c4a97046bad5639181685d250514160656fd9fadb9b53
22121425,2025-06-02,2025-05-07,"PUMP, INFUSION",CAREFUSION SD,8100,FRN,"IT WAS REPORTED THAT A FAILURE WAS OBSERVED DURING A PLANNED PREVENTATIVE MAINTENANCE, RECALL REMEDIATION, OR REPAIR ORDER SERVICE EVENT. [REPAIR MULTI-DEVICE]; [REPAIR MULTI-DEVICE]. THERE WAS NO REPORTED PATIENT INVOLVEMENT.",,"No Clinical Signs, Symptoms or Conditions; No Clinical Signs, Symptoms or Conditions",Malfunction,https://www.accessdata.fda.gov/scripts/cdrh/cfdocs/cfmaude/detail.cfm?mdrfoi__id=22121425,FDA openFDA MAUDE,468a8a9860e3faf2d4558e6c8b8264a4806d4978244c6746c223f5932cff8002
22121426,2025-06-02,2025-05-16,"PUMP, INFUSION",CAREFUSION SD,8110,FRN,"IT WAS REPORTED THAT THE FOLLOWING ISSUE WAS OBSERVED ON THE DEVICE: ""NOT DETECTING SYRINGE."" REPORTED PROBLEM CAUSE DESCRIPTION: ""OUT OF CALIBRATION."" HENCE, THE WORK PERFORMED IN THE DEVICE INCLUDES: ""UNIT CHECKED & SYRINGE NOT DETECTING. BARREL CLAMP CALIBRATION & PPM DONE. UNIT NOW WORKING OK."" THERE WAS NO PATIENT INVOLVEMENT.",,"No Clinical Signs, Symptoms or Conditions; No Clinical Signs, Symptoms or Conditions",Malfunction,https://www.accessdata.fda.gov/scripts/cdrh/cfdocs/cfmaude/detail.cfm?mdrfoi__id=22121426,FDA openFDA MAUDE,b656b1a998d75db12d3e7b342618b07caabe843bc97d2088003761d550dc17d3
22121427,2025-06-02,2025-05-15,"PUMP, INFUSION",CAREFUSION SD,8015,FRN,IT WAS REPORTED THAT THE DEVICE HAD SYSTEM ERROR MESSAGE AND FAILED PREVENTIVE MAINTENANCE. THERE WAS NO PATIENT INVOLVEMENT.,,"No Clinical Signs, Symptoms or Conditions; No Clinical Signs, Symptoms or Conditions",Malfunction,https://www.accessdata.fda.gov/scripts/cdrh/cfdocs/cfmaude/detail.cfm?mdrfoi__id=22121427,FDA openFDA MAUDE,79c8888651ffbae2fcd5b89d032905db92dc2ceaf57987092b633fe7e5a8e628
22121428,2025-06-02,2025-05-12,"PUMP, INFUSION",CAREFUSION SD,8100,FRN,"IT WAS REPORTED THAT THE FOLLOWING ISSUE WAS OBSERVED ON THE DEVICE: ""GIVING CHANNEL ERROR."" ADDITIONAL NOTES PROVIDED BY THE FACILITY¿S CLINICAL ENGINEERING SUPPORT SERVICES INCLUDE: ""DID FULL CALIBRATION ON IT PASS ALL TEST RAN FOR AN HOUR OKAY."" REPORTED PROBLEM CAUSE DESCRIPTION: ""MECHANICAL - ELECTRICAL."" THERE WAS NO REPORTED PATIENT INVOLVEMENT. ALTHOUGH ADDITIONAL INFORMATION AND PRODUCT RETURN HAVE BEEN PREVIOUSLY REQUESTED, THE CUSTOMER PROVIDED A GENERAL STATEMENT THAT ¿NO FURTHER INFORMATION WILL BE PROVIDED, INCLUDING PATIENT DEMOGRAPHICS AND NO PRODUCTS WILL BE RETURNED.¿",,"No Clinical Signs, Symptoms or Conditions; No Clinical Signs, Symptoms or Conditions",Malfunction,https://www.accessdata.fda.gov/scripts/cdrh/cfdocs/cfmaude/detail.cfm?mdrfoi__id=22121428,FDA openFDA MAUDE,5b8f2db65e5679a238d9a700f3b48241bda4b2b02c3442bc34925081d9bb95b7
22121431,2025-06-02,2025-05-07,"PUMP, INFUSION",CAREFUSION SD,8100,FRN,"IT WAS REPORTED THAT A FAILURE WAS OBSERVED DURING A PLANNED PREVENTATIVE MAINTENANCE, RECALL REMEDIATION, OR REPAIR ORDER SERVICE EVENT. [REPAIR MULTI-DEVICE];[REPAIR MULTI-DEVICE]. THERE WAS NO REPORTED PATIENT INVOLVEMENT. IT WAS REPORTED THAT A FAILURE WAS OBSERVED DURING A PLANNED PREVENTATIVE MAINTENANCE, RECALL REMEDIATION, OR REPAIR ORDER SERVICE EVENT. [REPAIR MULTI-DEVICE]; [REPAIR MULTI-DEVICE]. THERE WAS NO REPORTED PATIENT INVOLVEMENT.",,"No Clinical Signs, Symptoms or Conditions; No Clinical Signs, Symptoms or Conditions",Malfunction,https://www.accessdata.fda.gov/scripts/cdrh/cfdocs/cfmaude/detail.cfm?mdrfoi__id=22121431,FDA openFDA MAUDE,21facb06d89508caf46f2667a472ec7b33da5b4aebbf2ad344a35935fe6349ee
22121433,2025-06-02,2025-05-16,"PUMP, INFUSION",CAREFUSION SD,8100,FRN,"IT WAS REPORTED THAT THE FOLLOWING ISSUE WAS OBSERVED ON THE DEVICE: ""BROKEN LATCH KIT."" REPORTED PROBLEM CAUSE DESCRIPTION: ""BROKEN LATCH KIT."" HENCE, THE WORK PERFORMED IN THE DEVICE INCLUDES: ""REPLACED LATCH KIT."" THERE WAS NO PATIENT INVOLVEMENT.",,"No Clinical Signs, Symptoms or Conditions; No Clinical Signs, Symptoms or Conditions",Malfunction,https://www.accessdata.fda.gov/scripts/cdrh/cfdocs/cfmaude/detail.cfm?mdrfoi__id=22121433,FDA openFDA MAUDE,0f2cb6c487d0547d3f1f3b2a361b437b183d8d6ca4a941fba8243d4bdedc4d49
22121467,2025-06-02,2025-05-06,"PUMP, INFUSION",CAREFUSION SD,8015,FRN,"IT WAS REPORTED THAT A FAILURE WAS OBSERVED DURING A PLANNED PREVENTATIVE MAINTENANCE, RECALL REMEDIATION, OR REPAIR ORDER SERVICE EVENT. [REPAIR MULTI-DEVICE];[REPAIR FOR ALARIS PC UNIT 8015]. THERE WAS NO REPORTED PATIENT INVOLVEMENT.",,"No Clinical Signs, Symptoms or Conditions; No Clinical Signs, Symptoms or Conditions",Malfunction,https://www.accessdata.fda.gov/scripts/cdrh/cfdocs/cfmaude/detail.cfm?mdrfoi__id=22121467,FDA openFDA MAUDE,0fa71cf9f919395e1dea3e4826e90f175878b41e0c2ba615633fd06aae99acdc
22368533,2025-07-01,2025-06-03,"PUMP, INFUSION",CAREFUSION SD,8100,FRN,IT WAS REPORTED BY THE CUSTOMER THAT THE HAD DAMAGE OR CORROSION TO IUI CONNECTORS. THIS WAS REPORTED TO BD REPRESENTATIVES DURING THEIR SITE VISIT. THERE WAS NO PATIENT INVOLVEMENT.,,"No Clinical Signs, Symptoms or Conditions; No Clinical Signs, Symptoms or Conditions",Malfunction,https://www.accessdata.fda.gov/scripts/cdrh/cfdocs/cfmaude/detail.cfm?mdrfoi__id=22368533,FDA openFDA MAUDE,6519bf3cb209194dc7592ce8e4b143e5bc66a01bd993841d6dcc16e74800b080
22368534,2025-07-01,2025-06-03,"PUMP, INFUSION",CAREFUSION SD,8100,FRN,IT WAS REPORTED BY THE CUSTOMER THAT THEY HAVE DAMAGED PUMP MODULE PRESSURE SENSORS. THIS WAS REPORTED TO BD REPRESENTATIVES DURING THEIR SITE VISIT.THERE WAS NO PATIENT INVOLVEMENT.,,"No Clinical Signs, Symptoms or Conditions; No Clinical Signs, Symptoms or Conditions",Malfunction,https://www.accessdata.fda.gov/scripts/cdrh/cfdocs/cfmaude/detail.cfm?mdrfoi__id=22368534,FDA openFDA MAUDE,8e5f13d7e96d81711f365e27c85ffb20e2f9a95c82c956229ef94cc7403b11aa
22368535,2025-07-01,2025-06-04,"PUMP, INFUSION",CAREFUSION SD,8100,FRN,"IT WAS REPORTED THAT THE DEVICE DISPLAYED AN ERROR CODE 210.6041. THERE WAS NO PATIENT INVOLVEMENT. ALTHOUGH REQUESTED NO ADDITIONAL INFORMATION WILL BE PROVIDED BY THE CUSTOMER, NO DEVICES WILL BE RETURNED.",,"No Clinical Signs, Symptoms or Conditions; No Clinical Signs, Symptoms or Conditions",Malfunction,https://www.accessdata.fda.gov/scripts/cdrh/cfdocs/cfmaude/detail.cfm?mdrfoi__id=22368535,FDA openFDA MAUDE,e34b0d3e628df45253c614691917dc61cf73992aad03c596a1a98ac1dbe458e6
22368537,2025-07-01,2025-04-15,"PUMP, INFUSION",CAREFUSION SD,8100,FRN,"IT WAS REPORTED BY THERE WAS AN OVER INFUSION OF GEMCITABINE. THE CUSTOMER STATED THAT THE ALARIS PUMP WAS PROGRAMMED CORRECTLY. GEMCITABINE WAS TO INFUSE OVER 90 MINUTES AND INSTEAD WAS INFUSED OVER 70 MINUTES. THE INFUSION COMPLETED 20 MINUTES FASTER THAN PROGRAMMED. THE PRIMARY INFUSION WAS INTENDED FOR A RATE OF ""164.9"" WITH A VTBI OF ""247.3."" THE PUMP WAS SEQUESTERED AND SENT TO BIOMED FOR EVALUATION. THERE WAS PATIENT INVOLVEMENT, BUT THE OUTCOME IS UNKNOWN. THE PATIENT WAS ADMITTED FOR METASTATIC SARCOMA TO THE LUNG. IT WAS REPORTED BY THERE WAS AN OVER INFUSION OF GEMCITABINE. THE CUSTOMER STATED THAT THE ALARIS PUMP WAS PROGRAMMED CORRECTLY. GEMCITABINE WAS TO INFUSE OVER 90 MINUTES AND INSTEAD WAS INFUSED OVER 70 MINUTES. THE INFUSION COMPLETED 20 MINUTES FASTER THAN PROGRAMMED. THE PRIMARY INFUSION WAS INTENDED FOR A RATE OF ""164.9"" WITH A VTBI OF ""247.3."" THE PUMP WAS SEQUESTERED AND SENT TO BIOMED FOR EVALUATION. THERE WAS PATIENT INVOLVEMENT, BUT THE OUTCOME IS UNKNOWN. THE PATIENT WAS ADMITTED FOR METASTATIC SARCOMA TO THE LUNG. LATER IT WAS ADDED THAT THE TUBING HAD A PRIME VOLUME OF 26ML. THE CUSTOMER DOES NOT USE A COMPOUNDING MACHINE AND THEY DO NOT WEIGH THE BAGS. THE BAG IS PREFILLED AND THEY ADD THE VOLUME. IT IS IMPOSSIBLE TO KNOW THE EXACT VOLUME IN THE BAG TO START WITH. THE CUSTOMER PRIMES WITH SALINE, NOT THE DRUG THUS THE WHOLE VOLUME WOULD HAVE BEEN IN THE BAG.",,Insufficient Information; Insufficient Information,Malfunction,https://www.accessdata.fda.gov/scripts/cdrh/cfdocs/cfmaude/detail.cfm?mdrfoi__id=22368537,FDA openFDA MAUDE,2ca8bf5c7bdb963c6bfba10d60d5551c4e62cd93797e19b2aaeea82198c96c4d
22368538,2025-07-01,2025-06-06,"PUMP, INFUSION",CAREFUSION SD,8100,FRN,IT WAS REPORTED THAT THE DEVICE HAD MISALIGNED LABEL. THERE WAS NO PATIENT INVOLVEMENT.,,"No Clinical Signs, Symptoms or Conditions; No Clinical Signs, Symptoms or Conditions",Malfunction,https://www.accessdata.fda.gov/scripts/cdrh/cfdocs/cfmaude/detail.cfm?mdrfoi__id=22368538,FDA openFDA MAUDE,8a42916f01b3c105346b0c59c1f97b4d00db23f0047aa18acf1527a157cbd215
22368607,2025-07-01,2025-06-05,"PUMP, INFUSION",CAREFUSION SD,8100,FRN,IT WAS REPORTED THAT THE DEVICE HAD RECEIVED CHANNEL ERROR DURING TESTING. THERE WAS NO PATIENT INVOLVEMENT.,,"No Clinical Signs, Symptoms or Conditions; No Clinical Signs, Symptoms or Conditions",Malfunction,https://www.accessdata.fda.gov/scripts/cdrh/cfdocs/cfmaude/detail.cfm?mdrfoi__id=22368607,FDA openFDA MAUDE,ad918839ed4981b0181f720aedd4cc71245d28837b53af283bc8a8197789cac0
22368611,2025-07-01,2025-06-09,"PUMP, INFUSION",CAREFUSION SD,8110,FRN,IT WAS REPORTED THAT THE DEVICE SYRINGE PLUNGER NOT WORKING CORRECTLY. THERE WAS NO PATIENT INVOLVEMENT.,,"No Clinical Signs, Symptoms or Conditions; No Clinical Signs, Symptoms or Conditions",Malfunction,https://www.accessdata.fda.gov/scripts/cdrh/cfdocs/cfmaude/detail.cfm?mdrfoi__id=22368611,FDA openFDA MAUDE,ce293886dc4d69d523345c1499d6f59fe715bf76887a407fb7f3b8fb8759320d
22368612,2025-07-01,2025-06-04,"PUMP, INFUSION",CAREFUSION SD,8110,FRN,"IT WAS REPORTED THAT A FAILURE WAS OBSERVED DURING A PLANNED PREVENTATIVE MAINTENANCE, RECALL REMEDIATION, OR REPAIR ORDER SERVICE EVENT. [DEPOT REPAIR];[CRACKS IN BOTTOM CASE]. THERE WAS NO REPORTED PATIENT INVOLVEMENT.",,"No Clinical Signs, Symptoms or Conditions; No Clinical Signs, Symptoms or Conditions",Malfunction,https://www.accessdata.fda.gov/scripts/cdrh/cfdocs/cfmaude/detail.cfm?mdrfoi__id=22368612,FDA openFDA MAUDE,7e56ad3b9822117f0d6879b9bb8bf2752af397751f162cdc16808e1713698b25
22368613,2025-07-01,2025-06-09,"PUMP, INFUSION",CAREFUSION SD,8110,FRN,IT WAS REPORTED THAT THE DEVICE HAD FAILED PLUNGER FORCE POSITION ACCURACY TEST AND WOULD NOT CALIBRATE. THERE WAS NO PATIENT INVOLVEMENT.,,"No Clinical Signs, Symptoms or Conditions; No Clinical Signs, Symptoms or Conditions",Malfunction,https://www.accessdata.fda.gov/scripts/cdrh/cfdocs/cfmaude/detail.cfm?mdrfoi__id=22368613,FDA openFDA MAUDE,b4d1d0a8be392a7b745e4e3f0c29ecfb379ba696d02fcbc533c84c007d45e4a8
22368614,2025-07-01,2025-06-09,"PUMP, INFUSION",CAREFUSION SD,8100,FRN,IT WAS REPORTED THAT THE DEVICE NOT CONNECTING TO PCU. THERE WAS NO PATIENT INVOLVEMENT.,,"No Clinical Signs, Symptoms or Conditions; No Clinical Signs, Symptoms or Conditions",Malfunction,https://www.accessdata.fda.gov/scripts/cdrh/cfdocs/cfmaude/detail.cfm?mdrfoi__id=22368614,FDA openFDA MAUDE,5ce323ec8c821ce5119018ccc69dad20cc80e6e04bcdc8fd6283edae2f6142e6
22368615,2025-07-01,2025-06-10,"PUMP, INFUSION",CAREFUSION SD,8100,FRN,IT WAS REPORTED THAT THE DEVICE HAD FAILED RATE ACCURACY & CALIBRATION. THERE WAS NO PATIENT INVOLVEMENT.,,"No Clinical Signs, Symptoms or Conditions; No Clinical Signs, Symptoms or Conditions",Malfunction,https://www.accessdata.fda.gov/scripts/cdrh/cfdocs/cfmaude/detail.cfm?mdrfoi__id=22368615,FDA openFDA MAUDE,447f86462fbdfa8ab81c78c4a8d6827abdc689d073c9105e185e813e54546cfa
22368616,2025-07-01,2025-06-09,"PUMP, INFUSION",CAREFUSION SD,8100,FRN,IT WAS REPORTED THAT THE DEVICE HAD DISPLAYED AN ERROR CODE 13-1064-1229. THERE WAS NO PATIENT INVOLVEMENT.,,"No Clinical Signs, Symptoms or Conditions; No Clinical Signs, Symptoms or Conditions",Malfunction,https://www.accessdata.fda.gov/scripts/cdrh/cfdocs/cfmaude/detail.cfm?mdrfoi__id=22368616,FDA openFDA MAUDE,d5594d59c8a1d3842e7eae0db292a79d18ce92da1dd9e00f2a22003e38beadb0
22368925,2025-07-01,2025-06-05,"PUMP, INFUSION",CAREFUSION SD,8100,FRN,IT WAS REPORTED THAT THE LARGE VOLUME PUMP MODULE HAD ERROR CODE 13-1064-1229. THERE WAS NO PATIENT INVOLVEMENT. THE CUSTOMER'S ISSUE WAS RESOLVED BY UPDATING THE INTERNAL SERIAL NUMBER.,,"No Clinical Signs, Symptoms or Conditions; No Clinical Signs, Symptoms or Conditions",Malfunction,https://www.accessdata.fda.gov/scripts/cdrh/cfdocs/cfmaude/detail.cfm?mdrfoi__id=22368925,FDA openFDA MAUDE,1f6e2075d94c6325978000674ec5d246f4b3e10a42a63fd8bbbd41c793495067
22368926,2025-07-01,2025-06-09,"PUMP, INFUSION",CAREFUSION SD,8100,FRN,IT WAS REPORTED THAT THE DEVICE HAD MOTOR FAILURE. THERE WAS NO PATIENT INVOLVEMENT.,,"No Clinical Signs, Symptoms or Conditions; No Clinical Signs, Symptoms or Conditions",Malfunction,https://www.accessdata.fda.gov/scripts/cdrh/cfdocs/cfmaude/detail.cfm?mdrfoi__id=22368926,FDA openFDA MAUDE,946daa86eaf9bd1f08508cc825845d7fc9e2524d6c0da83b144f911a1c641310
22368929,2025-07-01,2025-06-09,"PUMP, INFUSION",CAREFUSION SD,8100,FRN,IT WAS REPORTED THAT THE DEVICE HAD CHECK IV SET ERROR. THERE WAS NO PATIENT INVOLVEMENT.,,"No Clinical Signs, Symptoms or Conditions; No Clinical Signs, Symptoms or Conditions",Malfunction,https://www.accessdata.fda.gov/scripts/cdrh/cfdocs/cfmaude/detail.cfm?mdrfoi__id=22368929,FDA openFDA MAUDE,84ebf53fad22056fc24bf70f4811478e0ac18499746aa6d9ccd72a4d28a96d1f
22684248,2025-08-01,2025-07-08,"PUMP, INFUSION",CAREFUSION SD,8015,FRN,IT WAS REPORTED THAT THE DEVICE HAD CONSTANT BEEPING ONLY STOPS IF YOU REMOVE THE BATTERY AND AC POWER. THERE WAS NO PATIENT INVOLVEMENT.,,"No Clinical Signs, Symptoms or Conditions; No Clinical Signs, Symptoms or Conditions",Malfunction,https://www.accessdata.fda.gov/scripts/cdrh/cfdocs/cfmaude/detail.cfm?mdrfoi__id=22684248,FDA openFDA MAUDE,ebb51ab1916f1e01b2d8c8dcb1848b2b49c4dafeeaa73607764b1b30fdd48739
22684373,2025-08-01,2025-07-02,"PUMP, INFUSION",CAREFUSION SD,8015,FRN,"IT WAS REPORTED BY CUSTOMER THAT THE DEVICE LOCKED UP WHILE ON PATIENT, BLINKING RED LIGHTS, THE ONLY OPTION WAS TO TURN THE DEVICE OFF, AND THERE WERE MULTIPLE FATAL ERRORS. THERE WAS PATIENT INVOLVEMENT, BUT NO HARM. BD LEARNED THE FOLLOWING INFORMATION THROUGH DUE DILIGENCE: THE EVENT HAPPENED ON 02JUL2025 AT 03:25:46. THE PCU HAD DISPLAYED ERROR CODES 800.8000.0"" AND 600.6840.5.",,"No Clinical Signs, Symptoms or Conditions; No Clinical Signs, Symptoms or Conditions",Malfunction,https://www.accessdata.fda.gov/scripts/cdrh/cfdocs/cfmaude/detail.cfm?mdrfoi__id=22684373,FDA openFDA MAUDE,a06c2f3a011c176baba74181eafe0bb721e6819618a29ec4cb85bfe0f93e9d64
22684376,2025-08-01,2025-07-10,"PUMP, INFUSION",CAREFUSION SD,8110,FRN,IT WAS REPORTED THAT THE PLUNGER ON THE SYRINGE IS PUSHING DOWN AND AS A RESULT THE VOLUME IS READING SLIGHTLY LESS. THERE WAS NO PATIENT HARM.,,"Insufficient Information; No Clinical Signs, Symptoms or Conditions; Insufficient Information; No Clinical Signs, Symptoms or Conditions",Malfunction,https://www.accessdata.fda.gov/scripts/cdrh/cfdocs/cfmaude/detail.cfm?mdrfoi__id=22684376,FDA openFDA MAUDE,75f077425743272bacea93ec7848fa816a1f5979c6240c2a9f84ea3d23d4b41d
22684894,2025-08-01,2025-07-11,"PUMP, INFUSION",CAREFUSION SD,8100,FRN,"IT WAS REPORTED THAT THE DEVICE WAS RUNNING IN PRIMARY AND MORE VOLUME REQUIRED TO FINISH INFUSION. THERE WAS PATIENT INVOLVEMENT, BUT THE OUTCOME IS UNKNOWN.",,Insufficient Information; Insufficient Information,Malfunction,https://www.accessdata.fda.gov/scripts/cdrh/cfdocs/cfmaude/detail.cfm?mdrfoi__id=22684894,FDA openFDA MAUDE,ec382727a6eb05fa424545ae2327b7d27f2cf703f6d0a44c5fc7f511d2f8b945
22684939,2025-08-01,2025-07-03,"PUMP, INFUSION",MEDTRONIC PUERTO RICO OPERATIONS CO.,MMT-332A,FRN,IT WAS REPORTED TO MEDTRONIC MINIMED THAT THE CUSTOMER OBSERVED A LEAK IN THE RESERVOIR. THE CUSTOMER REPORTED NO ADVERSE EVENT. THE EVENT INVOLVED PRODUCT(S) MMT-332A. TROUBLESHOOTING WAS DONE AND IT WAS FOUND THAT THE LEAKS WERE PAST BOTH O-RINGS. NO HARM REQUIRING MEDICAL INTERVENTION WAS REPORTED. THE PRODUCT MMT-332A WILL NOT BE RETURNED FOR ANALYSIS.,,"No Clinical Signs, Symptoms or Conditions; No Clinical Signs, Symptoms or Conditions",Malfunction,https://www.accessdata.fda.gov/scripts/cdrh/cfdocs/cfmaude/detail.cfm?mdrfoi__id=22684939,FDA openFDA MAUDE,2c606ec54be18cb9485a49716f6bc0b62cde4501f873c0321e2d853207ab42d4
22684943,2025-08-01,2025-07-03,"PUMP, INFUSION",MEDTRONIC PUERTO RICO OPERATIONS CO.,MMT-332A,FRN,IT WAS REPORTED TO MEDTRONIC MINIMED THAT THE CUSTOMER EXPERIENCED RESERVOIR LEAK. THE CUSTOMER REPORTED NO ADVERSE EVENT. THE EVENT INVOLVED PRODUCT MMT-332A. TROUBLESHOOTING WAS NOT PERFORMED. OBSERVED THE LEAK HAS PASSED THROUGH TWO O RINGS. NO HARM REQUIRING MEDICAL INTERVENTION WAS REPORTED. NO PRODUCT RETURN IS REQUIRED FOR MMT-332A.,,"No Clinical Signs, Symptoms or Conditions; No Clinical Signs, Symptoms or Conditions",Malfunction,https://www.accessdata.fda.gov/scripts/cdrh/cfdocs/cfmaude/detail.cfm?mdrfoi__id=22684943,FDA openFDA MAUDE,1330fe218fa16b72fc51d06df698ee4371c3a040e075dc9c7b7c4592526d302e
22684949,2025-08-01,2025-07-03,"PUMP, INFUSION",MEDTRONIC PUERTO RICO OPERATIONS CO.,MMT-332A,FRN,IT WAS REPORTED TO MEDTRONIC MINIMED THAT THE CUSTOMER OBSERVED A LEAK IN THE RESERVOIR. THE CUSTOMER REPORTED NO ADVERSE EVENT. THE EVENT INVOLVED PRODUCT(S) MMT-332A. TROUBLESHOOTING WAS DONE AND IT WAS FOUND THAT THE LEAKS WERE PAST BOTH O-RINGS. NO HARM REQUIRING MEDICAL INTERVENTION WAS REPORTED. THE PRODUCT MMT-332A WILL NOT BE RETURNED FOR ANALYSIS.,,"No Clinical Signs, Symptoms or Conditions; No Clinical Signs, Symptoms or Conditions",Malfunction,https://www.accessdata.fda.gov/scripts/cdrh/cfdocs/cfmaude/detail.cfm?mdrfoi__id=22684949,FDA openFDA MAUDE,2c606ec54be18cb9485a49716f6bc0b62cde4501f873c0321e2d853207ab42d4
22685168,2025-08-01,2025-07-03,"PUMP, INFUSION",MEDTRONIC PUERTO RICO OPERATIONS CO.,MMT-332A,FRN,IT WAS REPORTED TO MEDTRONIC MINIMED THAT THE CUSTOMER EXPERIENCED LEAK IN THE RESERVOIR. THE CUSTOMER REPORTED NO ADVERSE EVENT. THE EVENT INVOLVED PRODUCT MMT-332A. TROUBLESHOOTING WAS PERFORMED AND FOUND THAT THE LEAK PASSED BOTH O RINGS. NO HARM REQUIRING MEDICAL INTERVENTION WAS REPORTED. NO PRODUCT RETURN IS REQUIRED FOR MMT-332A.,,"No Clinical Signs, Symptoms or Conditions; No Clinical Signs, Symptoms or Conditions",Malfunction,https://www.accessdata.fda.gov/scripts/cdrh/cfdocs/cfmaude/detail.cfm?mdrfoi__id=22685168,FDA openFDA MAUDE,28268fea827eeb51667da03c954b04306a6e3485583a6aed313be4c55e01fc8a
22685202,2025-08-01,2025-07-03,"PUMP, INFUSION",CAREFUSION SD,8100,FRN,"IT WAS REPORTED AN OVER INFUSION OF POTASSIUM. POTASSIUM 20MEQ WAS ORDERED TO INFUSE OVER 2 HOURS; HOWEVER, THE 20MEQ INFUSED IN 38 MINUTES. PER REPORT THE CUSTOMER STATES: ""WHEN THE PUMP WAS REVIEWED, IT STATED THE INFUSION WAS GOING FOR 130 MINUTES. WHEN TAKING OFF THE CHANNEL IT BEEPED AND INDICATED THE MEDICATION WAS STILL INFUSING."" PATIENT WAS MONITORED AND WAS NOT SYMPTOMATIC. PATIENT DENIED ANY COMPLAINTS. THERE WAS PATIENT INVOLVEMENT, BUT NO HARM. ADDITIONAL INFORMATION RECEIVED: PER REPORT THE CUSTOMER STATES, WHEN THE PUMP WAS REMOVED AND DOOR CLOSED ¿THE LINE WAS STILL INFUSING¿, ALTHOUGH THERE WAS NO IV TUBING LOADED INTO THE PUMP MODULE, AND IT WAS BLINKING RED AT THIS TIME. NO REPEAT LABS WERE DONE. THE PATIENT WAS PUT ON A VITALS CART FOR CARDIAC MONITORING UNTIL TELEMETRY PACK MONITORING WAS AVAILABLE. THE PATIENT WAS ON TELEMETRY MONITORING FOR APPROXIMATELY FOUR HOURS. THE CLINICIAN STATED THE PATIENT SAID THEY ¿FELT FINE¿. WHEN PREPARING THE IV TUBING, A ¿FRESH LINE¿ (A NEW IV SET) WAS USED FOR THE POTASSIUM INFUSION, AND THE CLINICIAN PRIMED THE IV SET WITH THE MEDICATION FROM THE IV BAG. THE INFUSION WAS ADMINISTERED AS A PRIMARY INFUSION. THE IV SET WAS DIRECTLY CONNECTED TO THE PATIENT¿S PICC LINE. UNSURE OF THE RATE OR THE VTBI OF THE POTASSIUM INFUSION, BUT ALL THE CONTENTS WERE DELIVERED. EVENT HAPPENED IN THE MORNING AND WAS NOT AT SHIFT CHANGE. VOLUME TO BE INFUSED WAS ALL DELIVERED BUT QUICKER THAN EXPECTED. THE POTASSIUM 20MEQ INFUSION WAS ADMINISTERED ON THE PUMP MODULE ON THE LEFT SIDE CLOSEST TO THE PATIENT, THERE WAS ONE PUMP MODULE ATTACHED TO EACH SIDE OF THE PCU. THERE WAS ALSO A TPN INFUSION BEING ADMINISTERED TO THE PATIENT DURING THE TIME OF THE EVENT AND THE CLINICIAN WAS UNSURE OF THE PROGRAMMED RATE OR VTBI. DRIPS IN THE DRIP CHAMBER MATCHED THE PROGRAMMED INFUSION RATE OF THE POTASSIUM INFUSION ALARIS SYSTEM WAS PLACED ON THE IV POLE EYE LEVEL TO THE NURSE. POTASSIUM IV BAG WAS HANGING ABOVE THE ALARIS DEVICE. IV SET AND POTASSIUM CONTAINER WERE DISCARDED. NO VISIBLE DAMAGE WAS NOTED ON THE PUMP MODULE. IT WAS REPORTED AN OVER INFUSION OF POTASSIUM. POTASSIUM 20MEQ WAS ORDERED TO INFUSE OVER 2 HOURS; HOWEVER, THE 20MEQ INFUSED IN 38 MINUTES. PER REPORT THE CUSTOMER STATES: ""WHEN THE PUMP WAS REVIEWED, IT STATED THE INFUSION WAS GOING FOR 130 MINUTES. WHEN TAKING OFF THE CHANNEL IT BEEPED AND TOLD ME MEDICATION WAS STILL INFUSING."". PATIENT WAS MONITORED AND WAS NOT SYMPTOMATIC. PATIENT DENIED ANY COMPLAINTS. THERE WAS PATIENT INVOLVEMENT, BUT NO HARM.",,"No Clinical Signs, Symptoms or Conditions; No Clinical Signs, Symptoms or Conditions",Malfunction,https://www.accessdata.fda.gov/scripts/cdrh/cfdocs/cfmaude/detail.cfm?mdrfoi__id=22685202,FDA openFDA MAUDE,63c19335476e5fcce02318fd49bd744e8a50972cf47fcff91e36503232dfe98a
22685208,2025-08-01,2025-07-08,"PUMP, INFUSION",CAREFUSION SD,8110,FRN,IT WAS REPORTED THAT THE DEVICE HAD DISPLAYED CHANNEL ERROR. THERE WAS NO PATIENT INVOLVEMENT.,,"No Clinical Signs, Symptoms or Conditions; No Clinical Signs, Symptoms or Conditions",Malfunction,https://www.accessdata.fda.gov/scripts/cdrh/cfdocs/cfmaude/detail.cfm?mdrfoi__id=22685208,FDA openFDA MAUDE,574b0527ab3a8f3db8d564969347a86ebb8d46408a044c9bb0fcf828454473bb
22685307,2025-08-01,2025-07-03,"PUMP, INFUSION",MEDTRONIC PUERTO RICO OPERATIONS CO.,MMT-332A,FRN,IT WAS REPORTED TO MEDTRONIC MINIMED THAT THE CUSTOMER OBSERVED A LEAK IN THE RESERVOIR. THE CUSTOMER REPORTED NO ADVERSE EVENT. THE EVENT INVOLVED PRODUCT(S) MMT-332A. TROUBLESHOOTING WAS DONE AND IT WAS FOUND THAT THE LEAKS WERE PAST BOTH O-RINGS. NO HARM REQUIRING MEDICAL INTERVENTION WAS REPORTED. THE PRODUCT MMT-332A WILL NOT BE RETURNED FOR ANALYSIS.,,"No Clinical Signs, Symptoms or Conditions; No Clinical Signs, Symptoms or Conditions",Malfunction,https://www.accessdata.fda.gov/scripts/cdrh/cfdocs/cfmaude/detail.cfm?mdrfoi__id=22685307,FDA openFDA MAUDE,2c606ec54be18cb9485a49716f6bc0b62cde4501f873c0321e2d853207ab42d4
22685394,2025-08-01,2025-07-07,"PUMP, INFUSION",CAREFUSION SD,8110,FRN,IT WAS REPORTED THAT THE DEVICE WHEN TRYING TO INFUSE DID NOT SHOW ANYTHING AND ONLY SAYS 00. THERE WAS NO PATIENT INVOLVEMENT.,,"No Clinical Signs, Symptoms or Conditions; No Clinical Signs, Symptoms or Conditions",Malfunction,https://www.accessdata.fda.gov/scripts/cdrh/cfdocs/cfmaude/detail.cfm?mdrfoi__id=22685394,FDA openFDA MAUDE,e87448f50c51d1103766e79b5599c77f7d6c5a89053f9d31e17933afc57cf5ae
22685398,2025-08-01,2025-07-17,"PUMP, INFUSION",CAREFUSION SD,8100,FRN,IT WAS REPORTED THAT THE 8100 HAD ERROR 13-1033-149. THERE WAS NO PATIENT INVOLVEMENT.,,"No Clinical Signs, Symptoms or Conditions; No Clinical Signs, Symptoms or Conditions",Malfunction,https://www.accessdata.fda.gov/scripts/cdrh/cfdocs/cfmaude/detail.cfm?mdrfoi__id=22685398,FDA openFDA MAUDE,e0ef34aa44ace78ed4300db54997bf678c6baa319fb6d747c1a8343fbe33b709
22685400,2025-08-01,2025-06-18,"PUMP, INFUSION",CAREFUSION SD,8110,FRN,IT WAS REPORTED THAT THE DEVICE HAD UNKNOWN ISSUE. THERE WAS NO PATIENT INVOLVEMENT.,,"No Clinical Signs, Symptoms or Conditions; No Clinical Signs, Symptoms or Conditions",Malfunction,https://www.accessdata.fda.gov/scripts/cdrh/cfdocs/cfmaude/detail.cfm?mdrfoi__id=22685400,FDA openFDA MAUDE,9978143fa051eacec74e96b06cf3bc6573ed15d8458e98182777e3583522b45e
22685410,2025-08-01,2025-07-03,"PUMP, INFUSION",MEDTRONIC PUERTO RICO OPERATIONS CO.,MMT-326A,FRN,IT WAS REPORTED TO MEDTRONIC MINIMED THAT THE CUSTOMER EXPERIENCED HYPERGLYCEMIA AND ALSO REPORTED UNDER DELIVERY. THE CUSTOMER REPORTED HYPERGLYCEMIA TREATED BY CHANGING SET. THE EVENT INVOLVED PRODUCT(S) MMT-326A. TROUBLESHOOTING WAS PERFORMED FOR HIGH BLOOD GLUCOSE AND THE CUSTOMER HAS BEEN USING THE INSULIN PUMP SYSTEM WITHIN 48 HOURS OF REPORTED EVENT AND CUSTOMER WAS USING THE AUTO MODE/SMART GUARD FEATURE AT THE TIME OF THE EVENT AND FOUND AIR BUBBLES. NO FURTHER PATIENT COMPLICATIONS WERE REPORTED. NO PRODUCT RETURN IS REQUIRED FOR MMT-326A.,,Hyperglycemia; Hyperglycemia,Malfunction,https://www.accessdata.fda.gov/scripts/cdrh/cfdocs/cfmaude/detail.cfm?mdrfoi__id=22685410,FDA openFDA MAUDE,e7111e2cb782771189601d63b0a341dd8271ce01ec6eb04fdaabef84fec558ac
22929695,2025-09-02,2025-08-07,"PUMP, INFUSION",BAXTER INTERNATIONAL INC.,,FRN,"NO HARM TO PATIENT. BEDSIDE RN ALERTED ME THAT THE BAXTER PUMP WAS ASKING FOR MANUAL ENTRY OF ORDER DETAILS FOR A PATIENT'S HEPARIN DRIP. UPON INTERROGATING THE DEVICE, IT DISPLACED A BLUE BANNER ACROSS THE TOP OF THE SCREEN AND INCLUDED AN OPTION TO BOLUS THE HEPARIN DRIP, ALL OF WHICH IS NOT STANDARD PRACTICE. AFTER CONFIRMING THE PATIENT WAS RECEIVING THE CORRECT MEDICATION, DOSE AND RATE, I ALERTED THE MEDICATION SAFETY TEAM. UPON FURTHER REVIEW, AN INTEROPERABILITY ISSUE WAS DISCOVERED.",,"No Clinical Signs, Symptoms or Conditions; No Clinical Signs, Symptoms or Conditions",Malfunction,https://www.accessdata.fda.gov/scripts/cdrh/cfdocs/cfmaude/detail.cfm?mdrfoi__id=22929695,FDA openFDA MAUDE,233278ab48f3a05c9c0376627fdd4288ec846cc07ac1cdf89c39a20748015064
22929725,2025-09-02,2025-07-25,"PUMP, INFUSION",BAXTER HEALTHCARE CORPORATION,3570009,FRN,IT WAS REPORTED THAT A SPECTRUM IQ INFUSION PUMP FAILED FLOW ACCURACY TESTING AT HIGH DURING PREVENTIVE MAINTENANCE TESTING IN THE BIOMED SERVICE DEPARTMENT. THE TEST INFUSION HAD A RATE OF 40ML VOLUME OF 20ML OVER 30 MINUTES. THERE WAS NO PATIENT INVOLVEMENT. NO ADDITIONAL INFORMATION IS AVAILABLE.,,"No Clinical Signs, Symptoms or Conditions; No Clinical Signs, Symptoms or Conditions",Malfunction,https://www.accessdata.fda.gov/scripts/cdrh/cfdocs/cfmaude/detail.cfm?mdrfoi__id=22929725,FDA openFDA MAUDE,ecd36c71f8d5e910034f6820f61b43972e6fd3006f7b2b77cbbe1236621d1b5e
22929880,2025-09-02,2025-08-08,"PUMP, INFUSION",CAREFUSION SD,8100,FRN,IT WAS REPORTED THAT THE DEVICE HAD ERROR CODE 242.4030. THERE WAS NO PATIENT INVOLVEMENT.,,"No Clinical Signs, Symptoms or Conditions; No Clinical Signs, Symptoms or Conditions",Malfunction,https://www.accessdata.fda.gov/scripts/cdrh/cfdocs/cfmaude/detail.cfm?mdrfoi__id=22929880,FDA openFDA MAUDE,ba4cf2672c38afde8d6340f148d57d6550a4ddddf06e3fd1a357a485ce7b05a7
22929882,2025-09-02,2025-08-08,"PUMP, INFUSION",CAREFUSION SD,8100,FRN,IT WAS REPORTED THAT THE DEVICE HAD SHOWN AN ERROR CODE 242.4030. THERE WAS NO PATIENT INVOLVEMENT.,,"No Clinical Signs, Symptoms or Conditions; No Clinical Signs, Symptoms or Conditions",Malfunction,https://www.accessdata.fda.gov/scripts/cdrh/cfdocs/cfmaude/detail.cfm?mdrfoi__id=22929882,FDA openFDA MAUDE,86b2856874a1b005e26260aa9411a1a50ef07ee2eb4ad5f878135ee04cfb5d9f
22929888,2025-09-02,2025-08-08,"PUMP, INFUSION",CAREFUSION SD,8100,FRN,"IT WAS REPORTED THAT A FAILURE WAS OBSERVED DURING A PLANNED PREVENTATIVE MAINTENANCE, RECALL REMEDIATION, OR REPAIR ORDER SERVICE EVENT. [FIELD SERVICE];[FAULTY RIGHT IUI]. THERE WAS NO REPORTED PATIENT INVOLVEMENT.",,"No Clinical Signs, Symptoms or Conditions; No Clinical Signs, Symptoms or Conditions",Malfunction,https://www.accessdata.fda.gov/scripts/cdrh/cfdocs/cfmaude/detail.cfm?mdrfoi__id=22929888,FDA openFDA MAUDE,bd475d8932de9a3cd0fb13fd8d0fc5457b84380b114dbc852a002c6cfa7ed950
22929891,2025-09-02,2025-08-08,"PUMP, INFUSION",CAREFUSION SD,8100,FRN,"IT WAS REPORTED THAT THE DEVICE HAD DOOR LATCH ASSEMBLY, LATCH STICKING. THERE WAS NO PATIENT INVOLVEMENT. IT WAS REPORTED THAT THE DEVICE HAD DOOR LATCH ASSEMBLY ,LATCH STICKING. THERE WAS NO PATIENT INVOLVEMENT.",,"No Clinical Signs, Symptoms or Conditions; No Clinical Signs, Symptoms or Conditions",Malfunction,https://www.accessdata.fda.gov/scripts/cdrh/cfdocs/cfmaude/detail.cfm?mdrfoi__id=22929891,FDA openFDA MAUDE,dc5804873e4b436963f392b0af0e2bf776986407c3a3073a2541282643e5ba7d
22929895,2025-09-02,2025-08-08,"PUMP, INFUSION",CAREFUSION SD,8100,FRN,IT WAS REPORTED THAT THE DEVICE HAD DOOR LATCH MISALIGNED. THERE WAS NO PATIENT INVOLVEMENT.,,"No Clinical Signs, Symptoms or Conditions; No Clinical Signs, Symptoms or Conditions",Malfunction,https://www.accessdata.fda.gov/scripts/cdrh/cfdocs/cfmaude/detail.cfm?mdrfoi__id=22929895,FDA openFDA MAUDE,ff4f4c57cba68cea2fe7a13f2d0e299aa075e3bac65064110af5705f8a8e7e39
22929900,2025-09-02,2025-07-09,"PUMP, INFUSION",FRESENIUS KABI AG,LVP-0004,FRN,"IVENIX IV PUMP HAD OVER 209 WOS [WORK ORDERS] FOR HTM [HEALTHCARE TECHNOLOGY MANAGEMENT] BETWEEN [DATE REDACTED] AND [DATE REDACTED] -- APPROXIMATELY 20 DAYS. ISSUES REPORTED: ""PUMP ERROR"" WHILE BRINGING PUMP OUTSIDE-4, AIR IN LINE MESSAGE-5, CASSETTE LOADING ERROR-13, CASSETTE STUCK IN PUMP-2, CLAMP STUCK-1, CONTINUOUS BEEPING-1, CRACKED CASE-9, CRACKED SCREEN-28, DEEP CLEAN MECHANISM-4, DOWNSTREAM OCCLUSION-1, FLASHING SCREEN-1, MISSING SIDE IV CLIP-12, NOT CHARGING-1, PINS STUCK-1, PUMP NOT SWITCHED TO PRMARY BAG AFTER SECONDARY EMPTY-1, RED WARNING ON SCREEN-2, SCREEN DISCOLORED-1, SCREEN FROZEN-3, SCREEN GLITCHING-1, SCREEN NOT SENSING PUSHES-4, SERVICE NEEDED ALARM -54, STUCK LOADING GUIDE-1, STUCK PIN-1, TUBING SET ERROR ALARM - 7, TURNED OFF WITHOUT WARNING -6, UNKNOWN -7, BROKEN/MISSING/BENT POWER CORD BROKEN -4, BAG HOOKS MISSING/BROKEN -20, CASSETTE PINS NOT ALIGNED -1, CORD STRAP MISSING/BROKEN -13. MANUFACTURER RESPONSE FOR PUMP, INFUSION, IVENIX INFUSION SYSTEM (PER SITE REPORTER), UNKNOWN.",,Obstruction/Occlusion; Obstruction/Occlusion,Malfunction,https://www.accessdata.fda.gov/scripts/cdrh/cfdocs/cfmaude/detail.cfm?mdrfoi__id=22929900,FDA openFDA MAUDE,7116dd2b622938ab322d00f576fa9a2f5306dba0b0fa175a7129bc47d07150d3
22929904,2025-09-02,2025-08-08,"PUMP, INFUSION",CAREFUSION SD,8100,FRN,IT WAS REPORTED THAT THE DEVICE HAD FAILED PATIENT SIDE OCCLUSION. THERE WAS NO PATIENT INVOLVEMENT.,,"No Clinical Signs, Symptoms or Conditions; No Clinical Signs, Symptoms or Conditions",Malfunction,https://www.accessdata.fda.gov/scripts/cdrh/cfdocs/cfmaude/detail.cfm?mdrfoi__id=22929904,FDA openFDA MAUDE,eb63e4d2fe28e197e15e4bb12f98eefcd48cf2ebbe649dc6f0b5c1d2eedf455c
22929942,2025-09-02,2025-08-06,"PUMP, INFUSION",CAREFUSION SD,8100,FRN,IT WAS REPORTED THAT THE DEVICE HAD FAILED PATIENT SIDE OCCLUSION TEST. THERE WAS NO PATIENT INVOLVEMENT.,,"No Clinical Signs, Symptoms or Conditions; No Clinical Signs, Symptoms or Conditions",Malfunction,https://www.accessdata.fda.gov/scripts/cdrh/cfdocs/cfmaude/detail.cfm?mdrfoi__id=22929942,FDA openFDA MAUDE,7c4d1e9c269fadb554e8a5401bb4d226d66b5481619a2de764129b8d179b8b09
22929966,2025-09-02,2025-08-08,"PUMP, INFUSION",CAREFUSION SD,8100,FRN,IT WAS REPORTED THAT THE DEVICE HAD FAILED PATIENT SIDE OCCLUSION. THERE WAS NO PATIENT INVOLVEMENT.,,"No Clinical Signs, Symptoms or Conditions; No Clinical Signs, Symptoms or Conditions",Malfunction,https://www.accessdata.fda.gov/scripts/cdrh/cfdocs/cfmaude/detail.cfm?mdrfoi__id=22929966,FDA openFDA MAUDE,eb63e4d2fe28e197e15e4bb12f98eefcd48cf2ebbe649dc6f0b5c1d2eedf455c
22929972,2025-09-02,2025-08-08,"PUMP, INFUSION",CAREFUSION SD,8100,FRN,"IT WAS REPORTED THAT A FAILURE WAS OBSERVED DURING A PLANNED PREVENTATIVE MAINTENANCE, RECALL REMEDIATION, OR REPAIR ORDER SERVICE EVENT. [FIELD SERVICE];[FAULTY RIGHT IUI]. THERE WAS NO REPORTED PATIENT INVOLVEMENT.",,"No Clinical Signs, Symptoms or Conditions; No Clinical Signs, Symptoms or Conditions",Malfunction,https://www.accessdata.fda.gov/scripts/cdrh/cfdocs/cfmaude/detail.cfm?mdrfoi__id=22929972,FDA openFDA MAUDE,bd475d8932de9a3cd0fb13fd8d0fc5457b84380b114dbc852a002c6cfa7ed950
22929978,2025-09-02,2025-08-08,"PUMP, INFUSION",CAREFUSION SD,8100,FRN,IT WAS REPORTED THAT THE DEVICE HAD FAILED PATIENT SIDE OCCLUSION TEST. THERE WAS NO PATIENT INVOLVEMENT.,,"No Clinical Signs, Symptoms or Conditions; No Clinical Signs, Symptoms or Conditions",Malfunction,https://www.accessdata.fda.gov/scripts/cdrh/cfdocs/cfmaude/detail.cfm?mdrfoi__id=22929978,FDA openFDA MAUDE,7c4d1e9c269fadb554e8a5401bb4d226d66b5481619a2de764129b8d179b8b09
22929983,2025-09-02,2025-08-08,"PUMP, INFUSION",CAREFUSION SD,8100,FRN,IT WAS REPORTED THAT THE DEVICE HAD FAILED PATIENT SIDE OCCLUSION . THERE WAS NO PATIENT INVOLVEMENT.,,"No Clinical Signs, Symptoms or Conditions; No Clinical Signs, Symptoms or Conditions",Malfunction,https://www.accessdata.fda.gov/scripts/cdrh/cfdocs/cfmaude/detail.cfm?mdrfoi__id=22929983,FDA openFDA MAUDE,27dbd10f2da3f12335b3b441aa96b6a0694e732acadf76df57a930dd88811713
22929985,2025-09-02,2025-08-07,"PUMP, INFUSION",CAREFUSION SD,8100,FRN,IT WAS REPORTED THAT THE DEVICE HAD ERROR CODE 242.4030. THERE WAS NO PATIENT INVOLVEMENT.,,"No Clinical Signs, Symptoms or Conditions; No Clinical Signs, Symptoms or Conditions",Malfunction,https://www.accessdata.fda.gov/scripts/cdrh/cfdocs/cfmaude/detail.cfm?mdrfoi__id=22929985,FDA openFDA MAUDE,ba4cf2672c38afde8d6340f148d57d6550a4ddddf06e3fd1a357a485ce7b05a7
23187732,2025-10-01,2025-09-05,"PUMP, INFUSION",CAREFUSION SD,8110,FRN,IT WAS REPORTED THAT THE DEVICE HAD SENSOR OUT OF RANGE ERROR. THERE WAS NO PATIENT INVOLVEMENT.,,"No Clinical Signs, Symptoms or Conditions; No Clinical Signs, Symptoms or Conditions",Malfunction,https://www.accessdata.fda.gov/scripts/cdrh/cfdocs/cfmaude/detail.cfm?mdrfoi__id=23187732,FDA openFDA MAUDE,18f03d78ff765a22525403f4534d6dbddda48db8815779c2d8371977c955b294
23187767,2025-10-01,2025-09-03,"PUMP, INFUSION","FRESENIUS KABI USA, LLC",LVP-0004,FRN,"PUMP ISSUES WITH THE ADMINISTRATION OF NOREPINEPHRINE.(b)(6) PUMP GAVE ""SERVICE NEEDED"" ERROR AND STOPPED INFUSING THE NOREPINEPHRINE. INFUSION WAS MOVED TO A DIFFERENT PUMP.(b)(6) TITRATING UP NOREPINEPHRINE WHEN SUDDENLY THE PUMP ALARM WITH SERVICE NEEDED. (b)(6) IN A CRITICAL EMERGENCY, NEEDED NOREPINEPHRINE PREVENT PATIENT'S BLOOD PRESSURE FROM GOING TO 0/0, TUBING PRIMED APPROPRIATELY BUT KEPT SAYING ""CASSETTE LOADED INCORRECTLY"" IT WAS NOT, NEW PUMP USED WITH NO ISSUES AND NO ADJUSTMENT OF TUBING OR CASSETTE NEEDED.(b)(6) PUMP SHUT OFF UNEXPECTEDLY. THE PUMP SAID SERVICE NEEDED AND SHUT OFF CRUCIAL MEDICATION (NOREPINEPHRINE). NO HARM TO THE PATIENT OCCURRED. THE NURSE WAS ABLE TO GET ANOTHER PUMP IN THE ROOM AND MEDICATION WAS RESTARTED WITHOUT SIGNIFICANT ISSUES. (b)(6) NOREPINEPHRINE WAS RUNNING AT 0.07 ON INTUBATED SEDATED AND HEMODYNAMICALLY UNSTABLE PATIENT. PUMP STARTED SHOWING MESSAGE SAYING CASSETTE LOAD ERROR. RN QUICKLY DISCONNECTED THE LINE FROM PATIENT AND RELOADED LINE TWICE, WIPING THE METAL PART WITH ALCOHOL BOTH TIMES. AFTER THE SECOND RELOAD AND WHEN THE MESSAGE KEPT SHOWING, RN SWITCHED THE LINE AND MED TO ANOTHER PUMP THAT HAPPENED TO BE EMPTY NEXT TO THE INITIAL PUMP. BY THAT TIME THE PATIENT'S MAP ""[MEAN ARTERIAL PRESSURE]"" WENT FROM 67-70 TO 40-45. APP ""[ADVANCE PRACTICE PROFESSIONAL]"" AND RN HAD TO GO UP ON THE NOREPI TO 0.1, GIVE CALCIUM GLUCONATE 2G, AND ALBUMIN 5% 250CC ON AN ALREADY OVERLOADED PATIENT TO RECOVER PATIENT FROM THE HYPOTENSION.(b)(6) RN WAS ALERTED BY ANOTHER RN WALKING BY ROOM THAT THE NOREPINEPHRINE RAN DRY IN THE PUMP. THE PUMP DOES NOT PROMPT THE USER TO PROGRAM A VOLUME AND AUTO SETS TO PROGRAM THE FULL VOLUME OF THE BAG - THIS IS A HUGE SAFETY ISSUE THAT IS VERY DANGEROUS WHEN PATIENTS ARE ON VASOPRESSORS. PT VITALS WERE STABLE AND BLOOD PRESSURE REMAINED MAP > 65 AND DID NOT SET OFF ANY ALARMS ON THE MONITOR. RN GRABBED NEW BAG AND IMMEDIATELY RESTARTED INFUSION. RN THEN LOOKED AT PUMP HISTORY AND SAW THAT THE ALARM WAS GOING OFF FOR *11 MINUTES*. THE ALARM WAS SO QUIET THAT THE PATIENT DID NOT WAKE UP, AND 4 RNS AT THE NURSES' STATION RIGHT OUTSIDE THE ROOM DID NOT HEAR IT THROUGH A CLOSED DOOR. REPORTED TO ONCOMING RN THAT THERE WAS NO CHANGE IN BLOOD PRESSURE DESPITE NE ""[NOREPINEPHRINE]"" PAUSED 11 MINUTES, BLOOD RETURN VERIFIED PRIOR TO AND DURING INFUSION. (b)(6) IV INFUSION OF NOREPINEPHRINE REPORTED AIR IN LINE, RN RESOLVED ISSUE. WHEN RESTARTING MEDICATION, IVENEX PUMP REPORTED ""IV TUBING SET MISSING"". RN TOOK TUBING OUT AND ATTEMPTED TO TROUBLE SHOOT ISSUE. WHEN RESTARTING, PUMP NOW REPORTED ""TUBING SET MISLOADED"". AT THIS POINT, PATIENT'S BLOOD PRESSURE DROPPED SIGNIFICANTLY REQUIRING A BOLUS DOSE OF PHENYLEPHRINE. TUBING ULTIMATELY HAD TO BE CHANGED FOR THE NOREPINEPHRINE LINE BEFORE MEDICATION COULD BE RESTARTED, RESULTING IN PATIENT HARM AND DELAY OF CARE. (b)(6) PT WAS PERI-ARREST REQUIRING INTUBATION AND VASOPRESSORS. THE IVENIX PUMP TOUCH SCREEN MALFUNCTIONED AND WOULD NOT ALLOW RN TO TITRATE NOREPINEPHRINE DRIP OR SELECT ANYTHING ON THE SCREEN DISPLAY. PT WAS CRITICALLY ILL AND PROFOUNDLY HYPOTENSIVE. DUE TO THE MALFUNCTIONING PUMP AND THE FACT THAT IT TAKES ALL OF THE PUMPS AN EXTREMELY, EXCESSIVELY LONG TIME TO TURN ON, THIS PATIENT REQUIRED NUMEROUS DOES OF PUSH DOSE PHENYLEPHRINE. THIS PATIENT NEARLY EXPERIENCED A FULL CARDIAC ARREST, AND THE INFUSION PUMPS ARE 100% A CONTRIBUTING FACTOR. THESE PUMPS ARE NEARLY KILLING PATIENTS. (b)(6) PUMP STOPPED INFUSING NOREPINEPHRINE RUNNING AT .05 AND DISPLAYED A RED SCREEN THAT SAID ""SERVICE NEEDED"" WITH RED FLASHING LIGHTS. RESULTED IN PATIENT'S MAP DROPPING TO MID 50'S BEFORE ANOTHER PUMP COULD BE PROGRAMMED. MANUFACTURER RESPONSE FOR PUMP, INFUSION, IVENIX INFUSION SYSTEM (PER SITE REPORTER). PUMP ISSUES WITH THE ADMINISTRATION OF NOREPINEPHRINE. ""[REDACTED SN]"": PUMP GAVE ""SERVICE NEEDED"" ERROR AND STOPPED INFUSING THE NOREPINEPHRINE. INFUSION WAS MOVED TO A DIFFERENT PUMP. ""[REDACTED SN]"": TITRATING UP NOREPINEPHRINE WHEN SUDDENLY THE PUMP ALARM WITH SERVICE NEEDED. ""[REDACTED SN]"": IN A CRITICAL EMERGENCY, NEEDED NOREPINEPHRINE PREVENT PATIENT'S BLOOD PRESSURE FROM GOING TO 0/0, TUBING PRIMED APPROPRIATELY BUT KEPT SAYING ""CASSETTE LOADED INCORRECTLY"" IT WAS NOT, NEW PUMP USED WITH NO ISSUES AND NO ADJUSTMENT OF TUBING OR CASSETTE NEEDED ""[REDACTED SN]"": PUMP SHUT OFF UNEXPECTEDLY. THE PUMP SAID SERVICE NEEDED AND SHUT OFF CRUCIAL MEDICATION (NOREPINEPHRINE). NO HARM TO THE PATIENT OCCURRED. THE NURSE WAS ABLE TO GET ANOTHER PUMP IN THE ROOM AND MEDICATION WAS RESTARTED WITHOUT SIGNIFICANT ISSUES. ""[REDACTED SN]"": NOREPINEPHRINE WAS RUNNING AT 0.07 ON INTUBATED SEDATED AND HEMODYNAMICALLY UNSTABLE PATIENT. PUMP STARTED SHOWING MESSAGE SAYING CASSETTE LOAD ERROR. RN QUICKLY DISCONNECTED THE LINE FROM PATIENT AND RELOADED LINE TWICE, WIPING THE METAL PART WITH ALCOHOL BOTH TIMES. AFTER THE SECOND RELOAD AND WHEN THE MESSAGE KEPT SHOWING, RN SWITCHED THE LINE AND MED TO ANOTHER PUMP THAT HAPPENED TO BE EMPTY NEXT TO THE INITIAL PUMP. BY THAT TIME THE PATIENT'S MAP ""[MEAN ARTERIAL PRESSURE]"" WENT FROM 67-70 TO 40-45. APP ""[ADVANCE PRACTICE PROFESSIONAL]"" AND RN HAD TO GO UP ON THE NOREPI TO 0.1, GIVE CALCIUM GLUCONATE 2G, AND ALBUMIN 5% 250CC ON AN ALREADY OVERLOADED PATIENT TO RECOVER PATIENT FROM THE HYPOTENSION. ""[REDACTED SN]"": RN WAS ALERTED BY ANOTHER RN WALKING BY ROOM THAT THE NOREPINEPHRINE RAN DRY IN THE PUMP. THE PUMP DOES NOT PROMPT THE USER TO PROGRAM A VOLUME AND AUTO SETS TO PROGRAM THE FULL VOLUME OF THE BAG - THIS IS A HUGE SAFETY ISSUE THAT IS VERY DANGEROUS WHEN PATIENTS ARE ON VASOPRESSORS. PT VITALS WERE STABLE AND BLOOD PRESSURE REMAINED MAP > 65 AND DID NOT SET OFF ANY ALARMS ON THE MONITOR. RN GRABBED NEW BAG AND IMMEDIATELY RESTARTED INFUSION. RN THEN LOOKED AT PUMP HISTORY AND SAW THAT THE ALARM WAS GOING OFF FOR *11 MINUTES*. THE ALARM WAS SO QUIET THAT THE PATIENT DID NOT WAKE UP, AND 4 RNS AT THE NURSES' STATION RIGHT OUTSIDE THE ROOM DID NOT HEAR IT THROUGH A CLOSED DOOR. REPORTED TO ONCOMING RN THAT THERE WAS NO CHANGE IN BLOOD PRESSURE DESPITE NE ""[NOREPINEPHRINE]"" PAUSED 11 MINUTES, BLOOD RETURN VERIFIED PRIOR TO AND DURING INFUSION. ""[REDACTED SN]"": IV INFUSION OF NOREPINEPHRINE REPORTED AIR IN LINE, RN RESOLVED ISSUE. WHEN RESTARTING MEDICATION, IVENEX PUMP REPORTED ""IV TUBING SET MISSING"". RN TOOK TUBING OUT AND ATTEMPTED TO TROUBLE SHOOT ISSUE. WHEN RESTARTING, PUMP NOW REPORTED ""TUBING SET MISLOADED"". AT THIS POINT, PATIENT'S BLOOD PRESSURE DROPPED SIGNIFICANTLY REQUIRING A BOLUS DOSE OF PHENYLEPHRINE. TUBING ULTIMATELY HAD TO BE CHANGED FOR THE NOREPINEPHRINE LINE BEFORE MEDICATION COULD BE RESTARTED, RESULTING IN PATIENT HARM AND DELAY OF CARE. ""[REDACTED SN]"": PT WAS PERI-ARREST REQUIRING INTUBATION AND VASOPRESSORS. THE IVENIX PUMP TOUCH SCREEN MALFUNCTIONED AND WOULD NOT ALLOW RN TO TITRATE NOREPINEPHRINE DRIP OR SELECT ANYTHING ON THE SCREEN DISPLAY. PT WAS CRITICALLY ILL AND PROFOUNDLY HYPOTENSIVE. DUE TO THE MALFUNCTIONING PUMP AND THE FACT THAT IT TAKES ALL OF THE PUMPS AN EXTREMELY, EXCESSIVELY LONG TIME TO TURN ON, THIS PATIENT REQUIRED NUMEROUS DOES OF PUSH DOSE PHENYLEPHRINE. THIS PATIENT NEARLY EXPERIENCED A FULL CARDIAC ARREST, AND THE INFUSION PUMPS ARE 100% A CONTRIBUTING FACTOR. THESE PUMPS ARE NEARLY KILLING PATIENTS. ""[REDACTED SN]"": PUMP STOPPED INFUSING NOREPINEPHRINE RUNNING AT .05 AND DISPLAYED A RED SCREEN THAT SAID ""SERVICE NEEDED"" WITH RED FLASHING LIGHTS. RESULTED IN PATIENT'S MAP DROPPING TO MID 50'S BEFORE ANOTHER PUMP COULD BE PROGRAMMED. MANUFACTURER RESPONSE FOR PUMP, INFUSION, IVENIX INFUSION SYSTEM (PER SITE REPORTER).",,Low Blood Pressure/ Hypotension; Low Oxygen Saturation; Decreased Level  of Consciousness; Low Blood Pressure/ Hypotension; Low Oxygen Saturation; Decreased Level  of Consciousness,Malfunction,https://www.accessdata.fda.gov/scripts/cdrh/cfdocs/cfmaude/detail.cfm?mdrfoi__id=23187767,FDA openFDA MAUDE,ce707326e065010b47bf597cf26808eab036f3b0ce4abe5e564421db664491dc
23187787,2025-10-01,2025-09-05,"PUMP, INFUSION",CAREFUSION SD,8100,FRN,IT WAS REPORTED THAT THE DEVICE HAD CHANNEL ERROR 210.5020. THERE WAS NO PATIENT INVOLVEMENT.,,"No Clinical Signs, Symptoms or Conditions; No Clinical Signs, Symptoms or Conditions",Malfunction,https://www.accessdata.fda.gov/scripts/cdrh/cfdocs/cfmaude/detail.cfm?mdrfoi__id=23187787,FDA openFDA MAUDE,2aaa0fa18cb93fc31ce6b3d5cbaf456c79ac565cc611ddc47ad245ad17ed0810
23187795,2025-10-01,2025-09-23,"PUMP, INFUSION",CAREFUSION SD,8015,FRN,IT WAS REPORTED THAT A FAILURE WAS OBSERVED DURING A PLANNED PREVENTIVE MAINTENANCE OR RECALL REMEDIATION SERVICE EVENT. THERE WAS NO REPORTED PATIENT INVOLVEMENT.,,"No Clinical Signs, Symptoms or Conditions; No Clinical Signs, Symptoms or Conditions",Malfunction,https://www.accessdata.fda.gov/scripts/cdrh/cfdocs/cfmaude/detail.cfm?mdrfoi__id=23187795,FDA openFDA MAUDE,409c256c99b926abf0a89c6d87132154469e197ed44bfa4f4f0c67d9b54eba45
23187797,2025-10-01,2025-08-14,"PUMP, INFUSION",CAREFUSION SD,8100,FRN,IT WAS REPORTED THAT THE DEVICE HAD DOOR HINGE BROKEN. THERE WAS NO PATIENT INVOLVEMENT.,,"No Clinical Signs, Symptoms or Conditions; No Clinical Signs, Symptoms or Conditions",Malfunction,https://www.accessdata.fda.gov/scripts/cdrh/cfdocs/cfmaude/detail.cfm?mdrfoi__id=23187797,FDA openFDA MAUDE,f58d90817d8b4190488f07e1fbcffd10e9b1e1be78429a04fd824ef1a9a1d3c8
23187803,2025-10-01,2025-09-11,"PUMP, INFUSION",CAREFUSION SD,8015,FRN,IT WAS REPORTED THAT THE DEVICE HAD DISPLAYED ERROR CODE 133.6090. THERE WAS NO PATIENT INVOLVEMENT.,,"No Clinical Signs, Symptoms or Conditions; No Clinical Signs, Symptoms or Conditions",Malfunction,https://www.accessdata.fda.gov/scripts/cdrh/cfdocs/cfmaude/detail.cfm?mdrfoi__id=23187803,FDA openFDA MAUDE,91d6779c665f2ab724e91739145494b8e52ccf075145e1a4fd28c2e97b242570
23187807,2025-10-01,2025-09-16,"PUMP, INFUSION",CAREFUSION SD,8015,FRN,IT WAS REPORTED THAT THE DEVICE HAD DAMAGED SCREEN. THERE WAS NO PATIENT INVOLVEMENT.,,"No Clinical Signs, Symptoms or Conditions; No Clinical Signs, Symptoms or Conditions",Malfunction,https://www.accessdata.fda.gov/scripts/cdrh/cfdocs/cfmaude/detail.cfm?mdrfoi__id=23187807,FDA openFDA MAUDE,a1ab525cfa77388ffca802f4da7d41b1aa185a662d0f519a30d7bfc6af809699
23187827,2025-10-01,2025-09-23,"PUMP, INFUSION",CAREFUSION SD,8100,FRN,IT WAS REPORTED THAT A FAILURE WAS OBSERVED DURING A PLANNED PREVENTIVE MAINTENANCE OR RECALL REMEDIATION SERVICE EVENT. THERE WAS NO REPORTED PATIENT INVOLVEMENT.,,"No Clinical Signs, Symptoms or Conditions; No Clinical Signs, Symptoms or Conditions",Malfunction,https://www.accessdata.fda.gov/scripts/cdrh/cfdocs/cfmaude/detail.cfm?mdrfoi__id=23187827,FDA openFDA MAUDE,409c256c99b926abf0a89c6d87132154469e197ed44bfa4f4f0c67d9b54eba45
23187829,2025-10-01,2025-08-08,"PUMP, INFUSION",CAREFUSION SD,8015,FRN,IT WAS REPORTED THAT THE DEVICE HAD SHOWN AN ERROR CODE 133.608. THERE WAS NO PATIENT INVOLVEMENT.,,"No Clinical Signs, Symptoms or Conditions; No Clinical Signs, Symptoms or Conditions",Malfunction,https://www.accessdata.fda.gov/scripts/cdrh/cfdocs/cfmaude/detail.cfm?mdrfoi__id=23187829,FDA openFDA MAUDE,81832d57a9a48df80f1adcb739004c69460c4fefbc29d0a4254ded1d4be42f57
23187864,2025-10-01,2025-09-23,"PUMP, INFUSION",CAREFUSION SD,8100,FRN,IT WAS REPORTED THAT A FAILURE WAS OBSERVED DURING A PLANNED PREVENTIVE MAINTENANCE OR RECALL REMEDIATION SERVICE EVENT. THERE WAS NO REPORTED PATIENT INVOLVEMENT.,,"No Clinical Signs, Symptoms or Conditions; No Clinical Signs, Symptoms or Conditions",Malfunction,https://www.accessdata.fda.gov/scripts/cdrh/cfdocs/cfmaude/detail.cfm?mdrfoi__id=23187864,FDA openFDA MAUDE,409c256c99b926abf0a89c6d87132154469e197ed44bfa4f4f0c67d9b54eba45
23187884,2025-10-01,2025-08-06,"PUMP, INFUSION",CAREFUSION SD,8015,FRN,IT WAS REPORTED THAT THE DEVICE HAD SHOWN THE ERROR CODE 133.609. THERE WAS NO PATIENT INVOLVEMENT.,,"No Clinical Signs, Symptoms or Conditions; No Clinical Signs, Symptoms or Conditions",Malfunction,https://www.accessdata.fda.gov/scripts/cdrh/cfdocs/cfmaude/detail.cfm?mdrfoi__id=23187884,FDA openFDA MAUDE,72985745f4bcecced1310bdb8dea0cdbf27c8d84b538173e11f7e38f6c2ab5f5
23187956,2025-10-01,2025-09-09,"PUMP, INFUSION",CAREFUSION SD,8100,FRN,IT WAS REPORTED THAT THE DEVICE HAD DISPLAYED ERROR CODE 242.4030. THERE WAS NO PATIENT INVOLVEMENT.,,"No Clinical Signs, Symptoms or Conditions; No Clinical Signs, Symptoms or Conditions",Malfunction,https://www.accessdata.fda.gov/scripts/cdrh/cfdocs/cfmaude/detail.cfm?mdrfoi__id=23187956,FDA openFDA MAUDE,3c83ff116db0ebfdb8b6257ab5c2d95fa53269af6f15b914a650e22c643e06d8
23187990,2025-10-01,2025-07-30,"PUMP, INFUSION",MEDTRONIC PUERTO RICO OPERATIONS CO.,MMT-342,FRN,"IT WAS REPORTED TO MEDTRONIC MINIMED THAT THE CUSTOMER REPORTED AIR BUBBLES AND LEAKAGE IN THE RESERVOIR AND INFUSION SET CONNECTION. THE CUSTOMER EXPERIENCED HYPERGLYCEMIA WITH BLOOD GLUCOSE VALUE OF 300 MG/DL. THE HYPERGLYCEMIA WAS TREATED WITH PUMP AND MANUAL INJECTION. THE EVENT INVOLVED PRODUCT(S) MMT-1884, MMT-342, MMT-441AG. TROUBLESHOOTING WAS PARTIALLY PERFORMED. NO FURTHER PATIENT COMPLICATIONS WERE REPORTED. NO PRODUCT RETURN IS REQUIRED FOR MMT-1884. NO PRODUCT RETURN IS REQUIRED FOR MMT-342. NO PRODUCT RETURN IS REQUIRED FOR MMT-441AG.",,Hyperglycemia; Hyperglycemia,Malfunction,https://www.accessdata.fda.gov/scripts/cdrh/cfdocs/cfmaude/detail.cfm?mdrfoi__id=23187990,FDA openFDA MAUDE,95a38424b6e347f2b429750f6025cb9550f329a679c5c5e9c1714a7beac185fb
23188124,2025-10-01,2025-09-11,"PUMP, INFUSION",MEDTRONIC PUERTO RICO OPERATIONS CO.,MMT-332A,FRN,"IT WAS REPORTED TO MEDTRONIC MINIMED THAT THE CUSTOMER EXPERIENCED HYPERGLYCEMIA. THE CUSTOMER ALSO REPORTED LEAKS AT RESERVOIR AND INSULIN NOT GETTING DELIVERED. BLOOD GLUCOSE VALUE AT THE TIME OF EVENT WAS 333 MG/DL. THE EVENT INVOLVED PRODUCT(S) MMT-1884, MMT-7040B, MMT-864AT, MMT-332A. TROUBLESHOOTING WAS PARTIALLY PERFORMED. IT IS UNKNOWN WHETHER THE CUSTOMER WAS USING THE INSULIN PUMP SYSTEM WITHIN 48 HOURS OF REPORTED EVENT. NO FURTHER PATIENT COMPLICATIONS WERE REPORTED. NO PRODUCT RETURN IS REQUIRED FOR MMT-1884, MMT-7040B, MMT-864AT, MMT-332A.",,Hyperglycemia; Hyperglycemia,Malfunction,https://www.accessdata.fda.gov/scripts/cdrh/cfdocs/cfmaude/detail.cfm?mdrfoi__id=23188124,FDA openFDA MAUDE,ba323b5f29fa2683ff9ec798afc9a79d97eeb134ad1b4d0d0b0603967c61edcc
23188130,2025-10-01,2025-09-09,"PUMP, INFUSION",CAREFUSION SD,8100,FRN,IT WAS REPORTED THAT A NURSE MENTIONED THAT 24-HOUR INFUSIONS THEY USUALLY SEE TAKE LONGER THAN EXPECTED TIME TO DELIVER TO THE PATIENT. THIS WAS REPORTED TO BD REPRESENTATIVES DURING SITE VISIT. THERE WAS PATIENT INVOLVEMENT BUT NO HARM.,,"No Clinical Signs, Symptoms or Conditions; No Clinical Signs, Symptoms or Conditions",Malfunction,https://www.accessdata.fda.gov/scripts/cdrh/cfdocs/cfmaude/detail.cfm?mdrfoi__id=23188130,FDA openFDA MAUDE,530b5e669d463221ceb7ac9615a09ee265a6b18950dd71c64c7c487a7284319f
23444661,2025-11-03,,"PUMP, INFUSION",BAXTER HEALTHCARE CORPORATION,40700BAXUS,FRN,"IT WAS REPORTED AN UNSPECIFIED QUANTITY OF NOVUM IQ LARGE VOLUME PUMPS ALARMED A FALSE AIR IN LINE ALARM. IT WAS ALLEGED THAT WHEN THE ALARMS ARE TRIGGERED IT IS ¿ALWAYS INSIDE PUMP; RIGHT INSIDE WHERE TUBING IS LOADED.¿ ADDITIONALLY REPORTED THAT AIR IN LINE ALARMS OCCUR ¿EVEN THOUGH NO AIR.¿ THE EVENT OCCURRED DURING AN UNKNOWN PROCESS STEP. THE DEPARTMENTS THAT ALLEGED THESE EVENTS WERE FROM ONE OR MORE IN THE INTENSIVE CARE UNIT (ICU), MEDICAL/SURGICAL, FAMILY BIRTH, AND EMERGENCY DEPARTMENT (ED). THERE WAS NO REPORT OF PATIENT INJURY OR MEDICAL INTERVENTION ASSOCIATED WITH THIS EVENT. NO ADDITIONAL INFORMATION IS AVAILABLE.",,"No Clinical Signs, Symptoms or Conditions; No Clinical Signs, Symptoms or Conditions",Malfunction,https://www.accessdata.fda.gov/scripts/cdrh/cfdocs/cfmaude/detail.cfm?mdrfoi__id=23444661,FDA openFDA MAUDE,7c92ed958349dbbe4b0edf5f3ea9bc752bc485fd831a4a2eebcf6fd15fc8666a
23444662,2025-11-03,,"PUMP, INFUSION",BAXTER HEALTHCARE CORPORATION,40700BAXUS,FRN,"IT WAS REPORTED AN UNSPECIFIED QUANTITY OF NOVUM IQ LARGE VOLUME PUMPS UNDER-INFUSED. DURING AN UNKNOWN NUMBER OF INFUSIONS WITH UNSPECIFIED MEDICATIONS, THE PUMP DOES NOT INFUSE ¿ALL OF THE MEDICATIONS.¿. VOLUMES OF SOLUTION REMAINING ARE NOT REPORTED. ADDITIONALLY, IT IS NOT JUST THE SECONDARY MEDICATIONS. THE DEPARTMENTS THAT ALLEGED THESE EVENTS WERE FROM ONE OR MORE IN THE INTENSIVE CARE UNIT (ICU), MEDICAL/SURGICAL, FAMILY BIRTH, AND EMERGENCY DEPARTMENT (ED). THERE WAS NO REPORT OF PATIENT INJURY OR MEDICAL INTERVENTION ASSOCIATED WITH THIS EVENT. NO ADDITIONAL INFORMATION IS AVAILABLE.",,"No Clinical Signs, Symptoms or Conditions; No Clinical Signs, Symptoms or Conditions",Malfunction,https://www.accessdata.fda.gov/scripts/cdrh/cfdocs/cfmaude/detail.cfm?mdrfoi__id=23444662,FDA openFDA MAUDE,2eac38835f72837a5368530b1d7f04e35b0f6f9065697cec8260f5a3ac71149a
23444664,2025-11-03,,"PUMP, INFUSION",BAXTER HEALTHCARE CORPORATION,40700BAXUS,FRN,"IT WAS REPORTED AN UNSPECIFIED QUANTITY OF NOVUM IQ LARGE VOLUME PUMPS HAD DAMAGED ADMINISTRATION SETS. THE EVENT WAS FURTHER ALLEGED THAT THE LINES ¿GET KINKED.¿. THE EVENT OCCURRED DURING AN UNKNOWN PROCESS STEP. THE DEPARTMENTS THAT ALLEGED THESE EVENTS WERE FROM ONE OR MORE IN THE INTENSIVE CARE UNIT (ICU), MEDICAL/SURGICAL, FAMILY BIRTH, AND EMERGENCY DEPARTMENT (ED). THERE WAS NO REPORT OF PATIENT INJURY OR MEDICAL INTERVENTION ASSOCIATED WITH THIS EVENT. NO ADDITIONAL INFORMATION IS AVAILABLE.",,"No Clinical Signs, Symptoms or Conditions; No Clinical Signs, Symptoms or Conditions",Malfunction,https://www.accessdata.fda.gov/scripts/cdrh/cfdocs/cfmaude/detail.cfm?mdrfoi__id=23444664,FDA openFDA MAUDE,278c7bb620b59f99aa3f9c8f2e50f5c20ed279ffae8a7232fd7829b9f5c5486c
23444666,2025-11-03,,"PUMP, INFUSION",BAXTER HEALTHCARE CORPORATION,40700BAXUS,FRN,"IT WAS REPORTED DOWNSTREAM OCCLUSION (DSO) ALARMS WERE TRIGGERED ON AN UNSPECIFIED QUANTITY OF NOVUM IQ LARGE VOLUME PUMPS. THE DSO ALARMS ARE NOTED WITH ¿NO OBVIOUS OCCLUSION.¿ THE EVENT OCCURRED DURING AN UNKNOWN PROCESS STEP. THE DEPARTMENTS THAT ALLEGED THESE EVENTS WERE FROM ONE OR MORE IN THE INTENSIVE CARE UNIT (ICU), MEDICAL/SURGICAL, FAMILY BIRTH, AND EMERGENCY DEPARTMENT (ED). THERE WAS NO REPORT OF PATIENT INJURY OR MEDICAL INTERVENTION ASSOCIATED WITH THIS EVENT. NO ADDITIONAL INFORMATION IS AVAILABLE.",,"No Clinical Signs, Symptoms or Conditions; No Clinical Signs, Symptoms or Conditions",Malfunction,https://www.accessdata.fda.gov/scripts/cdrh/cfdocs/cfmaude/detail.cfm?mdrfoi__id=23444666,FDA openFDA MAUDE,214ab0f93629076fd461bac13f6d71ae67f1cdaa7ae0f6f6f4d83ebc896fc210
23444672,2025-11-03,,"PUMP, INFUSION",BAXTER HEALTHCARE CORPORATION,40700BAXUS,FRN,"IT WAS REPORTED AN UNKNOWN NUMBER OF PATIENTS DID NOT REACT AS EXPECTED WITH AN UNSPECIFIED QUANTITY OF NOVUM IQ LARGE VOLUME PUMPS. THE CUSTOMER ALLEGED MULTIPLE PATIENTS DID NOT REACT AS EXPECTED TO THE USUAL DOSING OF OXYTOCIN AS THEY ALLEGEDLY ¿DELIVER IN FOUR HOURS.¿ THE PATIENTS ALLEGEDLY REQUIRED INCREASED DOSING OF OXYTOCIN. IN THE PAST IT HAD BEEN ¿10-12¿ AND NOW MAXING OUT AT ¿20.¿ IN SPITE OF THE HIGHER THAN USUAL DOSES, AN INCREASED RATE OF C-SECTIONS WERE REQUIRED. THE EVENTS OCCURRED IN THE FAMILY BIRTH UNIT. NO FURTHER INFORMATION WAS PROVIDED.",,"Appropriate Clinical Signs, Symptoms and Conditions Term/Code Not Available; Appropriate Clinical Signs, Symptoms and Conditions Term/Code Not Available",Injury,https://www.accessdata.fda.gov/scripts/cdrh/cfdocs/cfmaude/detail.cfm?mdrfoi__id=23444672,FDA openFDA MAUDE,b50145caa30dc391ed6a2b52435a7714a157eacfb1c946ca81cd7af817ad60d0
23444783,2025-11-03,2025-05-04,"PUMP, INFUSION",CAREFUSION SD,,FRN,"IT WAS REPORTED THAT THE CUSTOMER HAD A CONCERN WITH THE TAMPER RESIST SEALS ON THE ALARIS DEVICES. THEY HAVE SEEN SOME SEALS ALREADY PEELING OFF AS IF SOMETHING HAD REMOVED THE GLUE FROM THE BACK OF THE STICKER. THERE WAS NO INFORMATION ON PATIENT INVOLVEMENT. BD RECEIVED ADDITIONAL INFORMATION. THE CUSTOMER REPORTED THAT THE PCU'S POWER CORD STRAP BUTTON WOULD NOT SNAP, AND THE CORD WOULD COME UNWRAPPED.",,Insufficient Information; Insufficient Information,Malfunction,https://www.accessdata.fda.gov/scripts/cdrh/cfdocs/cfmaude/detail.cfm?mdrfoi__id=23444783,FDA openFDA MAUDE,ca1869491d43073c35f3ea818ec0d2e9f901760ec4a010ad89692bb687f6dfea
23444802,2025-11-03,2025-10-13,"PUMP, INFUSION",MEDTRONIC PUERTO RICO OPERATIONS CO.,MMT-326A,FRN,"IT WAS REPORTED TO MEDTRONIC MINIMED THAT THE CUSTOMER EXPERIENCED HYPOGLYCEMIA WITH AIR BUBBLES ANOMALY AND POSSIBLE OVER DELIVERY ANOMALY. THE CUSTOMER REPORTED BLOOD GLUCOSE VALUE OF 59 MG/DL. THE CUSTOMER WAS TREATED WITH FOOD. THE EVENT INVOLVED PRODUCTS MMT-1884L, MMT-242A AND MMT-326A. TROUBLESHOOTING WAS PERFORMED FOR LOW BLOOD GLUCOSE. THE CUSTOMER HAS USED THE INSULIN PUMP SYSTEM WITHIN 48 HOURS OF THE REPORTED EVENT. TROUBLESHOOTING WAS PERFORMED FOR AIR BUBBLES AND CUSTOMER DOES NOT HAVE PLUNGER TO REMOVE THE AIR BUBBLES. NO FURTHER PATIENT COMPLICATIONS WERE REPORTED. NO PRODUCT RETURN IS REQUIRED FOR MMT-1884L. NO PRODUCT RETURN IS REQUIRED FOR MMT-242A. NO PRODUCT RETURN IS REQUIRED FOR MMT-326A.",,Hypoglycemia; Hypoglycemia,Malfunction,https://www.accessdata.fda.gov/scripts/cdrh/cfdocs/cfmaude/detail.cfm?mdrfoi__id=23444802,FDA openFDA MAUDE,45c19d063962d331d4edda8bde88e66d7e0aed572655c83b80b85ebdb41e3a66
23444819,2025-11-03,2025-10-06,"PUMP, INFUSION",MEDTRONIC PUERTO RICO OPERATIONS CO.,MMT-332A,FRN,"IT WAS REPORTED TO MEDTRONIC MINIMED THAT THE CUSTOMER EXPERIENCED ISSUE IN FILLING THE RESERVOIR, AS THE PLUNGER COMES OUT, AND THE INSULIN COMES OUT TOO. THE CUSTOMER REPORTED NO ADVERSE EVENT. THE EVENT INVOLVED PRODUCT MMT-332A. TROUBLESHOOTING WAS PERFORMED AND FOUND LEAK IN RESERVOIR AND PASSING PAST BOTH O RINGS. NO HARM REQUIRING MEDICAL INTERVENTION WAS REPORTED. NO PRODUCT RETURN IS REQUIRED FOR MMT-332A.",,"No Clinical Signs, Symptoms or Conditions; No Clinical Signs, Symptoms or Conditions",Malfunction,https://www.accessdata.fda.gov/scripts/cdrh/cfdocs/cfmaude/detail.cfm?mdrfoi__id=23444819,FDA openFDA MAUDE,f4b8ac4fb258959fa471793930e8f0180295db72ba7c2a39b276901e4741a79c
23444840,2025-11-03,2025-10-14,"PUMP, INFUSION",MEDTRONIC PUERTO RICO OPERATIONS CO.,MMT-342,FRN,"IT WAS REPORTED TO MEDTRONIC MINIMED THAT THE CUSTOMER REPORTED INSULIN FLOW BLOCKED ALARM. THE CUSTOMER REPORTED NO ADVERSE EVENT. THE EVENT INVOLVED PRODUCT(S) MMT-1884L, MMT-342, MMT-442AG. TROUBLESHOOTING WAS NOT PERFORMED. SINCE IT WAS PAST EVENT AND ISSUE WAS RESOLVED. NO HARM REQUIRING MEDICAL INTERVENTION WAS REPORTED. NO PRODUCT RETURN IS REQUIRED FOR MMT-1884L. NO PRODUCT RETURN IS REQUIRED FOR MMT-342. NO PRODUCT RETURN IS REQUIRED FOR MMT-442AG.",,"No Clinical Signs, Symptoms or Conditions; No Clinical Signs, Symptoms or Conditions",Malfunction,https://www.accessdata.fda.gov/scripts/cdrh/cfdocs/cfmaude/detail.cfm?mdrfoi__id=23444840,FDA openFDA MAUDE,fe6905feb4dd01cd4c08fa1f213976e6eb9626bd09a06afc23104d979bad3da2
23444937,2025-11-03,2025-10-12,"PUMP, INFUSION",MEDTRONIC PUERTO RICO OPERATIONS CO.,MMT-332A,FRN,IT WAS REPORTED TO MEDTRONIC MINIMED THAT THE CUSTOMER EXPERIENCED INSULIN FLOW BLOCK ALARM AND THE ISSUE PERSISTED AFTER INFUSION SET CHANGE. THE CUSTOMER REPORTED NO ADVERSE EVENT. THE EVENT INVOLVED PRODUCT(S) MMT-332A. TROUBLESHOOTING WAS NOT PERFORMED. NO HARM REQUIRING MEDICAL INTERVENTION WAS REPORTED. NO PRODUCT RETURN WAS REQUIRED FOR MMT-332A.,,"No Clinical Signs, Symptoms or Conditions; No Clinical Signs, Symptoms or Conditions",Malfunction,https://www.accessdata.fda.gov/scripts/cdrh/cfdocs/cfmaude/detail.cfm?mdrfoi__id=23444937,FDA openFDA MAUDE,1de4c8867246a40649609dc13e4a1547857c7b83501874a7cc5596679eac7fce
23445236,2025-11-03,2025-09-29,"PUMP, INFUSION",MEDTRONIC PUERTO RICO OPERATIONS CO.,MMT-332A,FRN,IT WAS REPORTED TO MEDTRONIC MINIMED THAT THE CUSTOMER EXPERIENCED A LEAK PAST 2ND O RING IN RESERVOIR. THE CUSTOMER REPORTED NO ADVERSE EVENT. THE EVENT INVOLVED PRODUCT MMT-332A. TROUBLESHOOTING WAS PERFORMED AND THE CUSTOMER WAS ADVISED AGAINST TILTING THE PLUNGER DURING THE FILLING PROCESS AS THIS CAN FORCE A LEAK PATH. THE CUSTOMER WAS ALSO ADVISED TO AVOID PULLING PLUNGER TOO FAR DOWN THE BARREL AS THIS CAN FORCE A LEAK PATH. NO HARM REQUIRING MEDICAL INTERVENTION WAS REPORTED. NO PRODUCT RETURN IS REQUIRED FOR MMT-332A.,,"No Clinical Signs, Symptoms or Conditions; No Clinical Signs, Symptoms or Conditions",Malfunction,https://www.accessdata.fda.gov/scripts/cdrh/cfdocs/cfmaude/detail.cfm?mdrfoi__id=23445236,FDA openFDA MAUDE,465e4a0d1ed0871c6c6bb3ed4b6d61679497bd1aaf36d6582d65947bb60c036d
23445290,2025-11-03,2025-10-14,"PUMP, INFUSION",MEDTRONIC PUERTO RICO OPERATIONS CO.,MMT-342,FRN,"IT WAS REPORTED TO MEDTRONIC MINIMED THAT THE CUSTOMER REPORTED A RESERVOIR LEAK. THE CUSTOMER REPORTED NO ADVERSE EVENT. THE EVENT INVOLVED PRODUCT(S) MMT-342. TROUBLESHOOTING WAS PERFORMED, AND CUSTOMER WAS UNSURE IF LEAK IS PAST 1ST OR 2ND O RING. NO VISIBLE CRACKS/ SPLITS FOUND IN THE BARREL OR MISSING PIECES. THE CUSTOMER ALSO REPORTED AIR BUBBLE WAS PRESENT IN THE RESERVOIR. NO HARM REQUIRING MEDICAL INTERVENTION WAS REPORTED. NO PRODUCT RETURN IS REQUIRED FOR MMT-342.",,"No Clinical Signs, Symptoms or Conditions; No Clinical Signs, Symptoms or Conditions",Malfunction,https://www.accessdata.fda.gov/scripts/cdrh/cfdocs/cfmaude/detail.cfm?mdrfoi__id=23445290,FDA openFDA MAUDE,935aee582260141782239e3084935af59e7f8ae5883fbc408da3a2873159b83a
23445332,2025-11-03,2025-10-13,"PUMP, INFUSION",MEDTRONIC PUERTO RICO OPERATIONS CO.,MMT-332A,FRN,"IT WAS REPORTED TO MEDTRONIC MINIMED THAT THE CUSTOMER EXPERIENCED HYPERGLYCEMIA. AND ALSO REPORTED AIR BUBBLES IN THE RESERVOIR, DUE TO THAT INSULIN WAS NOT DELIVERED FROM THE PUMP. THE CUSTOMER REPORTED BLOOD GLUCOSE VALUE OF 250 MG/DL. THE CUSTOMER WAS TREATED WITH INSULIN PUMP. THE EVENT INVOLVED PRODUCT MMT-332A. TROUBLESHOOTING WAS PARTIALLY PERFORMED AND THE CUSTOMER WAS USING THE INSULIN PUMP WITHIN 48 HOURS OF THE REPORTED EVENT. THE CUSTOMER WAS NOT USING THE AUTO MODE FEATURE AT THE TIME OF EVENT. NO FURTHER PATIENT COMPLICATIONS WERE REPORTED. NO PRODUCT RETURN IS REQUIRED FOR MMT-332A.",,Hyperglycemia; Hyperglycemia,Malfunction,https://www.accessdata.fda.gov/scripts/cdrh/cfdocs/cfmaude/detail.cfm?mdrfoi__id=23445332,FDA openFDA MAUDE,228f7b4ee38f467dbd9176855a45a652ea59a0172a7c0b0c541db31623553c90
23445454,2025-11-03,,"PUMP, INFUSION",BAXTER HEALTHCARE CORPORATION,40700BAXUS,FRN,"IT WAS REPORTED AN UNKNOWN NUMBER OF PATIENTS DID NOT REACT AS EXPECTED WITH AN UNSPECIFIED QUANTITY OF NOVUM IQ LARGE VOLUME PUMPS. THE CUSTOMER ALLEGED MULTIPLE PATIENTS DID NOT REACT AS EXPECTED TO THE USUAL DOSING OF OXYTOCIN AS THEY ALLEGEDLY ¿DELIVER IN FOUR HOURS.¿ THE PATIENTS ALLEGEDLY REQUIRED INCREASED DOSING OF OXYTOCIN. IN THE PAST IT HAD BEEN ¿10-12¿ AND NOW MAXING OUT AT ¿20.¿ IN SPITE OF THE HIGHER THAN USUAL DOSES, AN INCREASED RATE OF C-SECTIONS WERE REQUIRED. THE EVENTS OCCURRED IN THE FAMILY BIRTH UNIT. NO FURTHER INFORMATION WAS PROVIDED.",,"Appropriate Clinical Signs, Symptoms and Conditions Term/Code Not Available; Appropriate Clinical Signs, Symptoms and Conditions Term/Code Not Available",Injury,https://www.accessdata.fda.gov/scripts/cdrh/cfdocs/cfmaude/detail.cfm?mdrfoi__id=23445454,FDA openFDA MAUDE,b50145caa30dc391ed6a2b52435a7714a157eacfb1c946ca81cd7af817ad60d0
23445999,2025-11-03,,"PUMP, INFUSION","SMITHS MEDICAL / ICU MEDICAL, INC.",2120,FRN,"PATIENT REPORTS SHE IS GETTING DOWNSTREAM OCCLUSION ALERTS ON HER SOLIS PUMPS. PATIENT STATES THE DOWNSTREAM OCCLUSION ALERTS ON BOTH PUMPS STARTED AROUND 5PM LOCAL TIME. PATIENT CHANGED 2 IV CONNECTORS AND 2 NEW CASSETTES BEFORE CALLING THE PHARMACY. PATIENTS IV LINE WAS REPLACED BACK IN (B)(6) 2025. PATIENT WAS ADVISED TO GO TO THE HOSPITAL TO CHECK HER IV LINE. PATIENT STATES SHE IS GOING TO CALL MD FIRST THEN SHE WILL GO TO THE HOSPITAL. NO FURTHER INFORMATION PROVIDED. LOT NUMBER IS UNKNOWN/NOT PROVIDED. DID THE REPORTED PRODUCT FAULT OCCUR WHILE IN USE WITH THE PATIENT? YES. DID THE PRODUCT ISSUE CAUSE OR CONTRIBUTE TO PATIENT OR CLINICAL INJURY? YES. IF YES, WAS ANY MEDICAL INTERVENTION PROVIDED? PATIENT WAS ADVISED TO GO TO THE HOSPITAL. IS THE ACTUAL DEVICE AVAILABLE FOR INVESTIGATION? YES, UPON PATIENT'S RETURN. DID WE REPLACE DEVICE? UPON PATIENT'S RETURN HOME. DID THE PATIENT HAVE A BACKUP DEVICE THEY WERE ABLE TO SWITCH TO? YES. WAS THE PATIENT ABLE TO SUCCESSFULLY CONTINUE THEIR INFUSION? NO; IS THE INFUSION LIFE-SUSTAINING? YES. WHAT IS THE OUTCOME OF THE EVENT? UNKNOWN. IT IS UNKNOWN IF PATIENT WENT TO THE HOSPITAL. DIAGNOSIS FOR USE: PULMONARY ARTERIAL HYPERTENSION.",,"No Clinical Signs, Symptoms or Conditions; No Clinical Signs, Symptoms or Conditions",Malfunction,https://www.accessdata.fda.gov/scripts/cdrh/cfdocs/cfmaude/detail.cfm?mdrfoi__id=23445999,FDA openFDA MAUDE,0056975b2989aa4e5c27d6facb61455186a450e6a63fec81c08386ddda4ed7ef
23677481,2025-12-01,2025-10-12,"PUMP, INFUSION",CAREFUSION SD,8110,FRN,"IT WAS REPORTED THAT THE SYRINGE EMPTY BEFORE INFUSION DUE TO FINISH. PATIENT MAY HAVE RECEIVED AN EXTRA 18-28 ML (180 TO 280 MCG) OF FENTANYL. THERE WAS PATIENT INVOLVEMENT, BUT NO HARM.",,"No Clinical Signs, Symptoms or Conditions; No Clinical Signs, Symptoms or Conditions",Malfunction,https://www.accessdata.fda.gov/scripts/cdrh/cfdocs/cfmaude/detail.cfm?mdrfoi__id=23677481,FDA openFDA MAUDE,7f5f01ce7aaad2730d9896125e483ab0d390b6ef09e0e66b194b343c3328d696
23677571,2025-12-01,,"PUMP, INFUSION",BAXTER HEALTHCARE CORPORATION,3570009,FRN,"IT WAS REPORTED THAT A SPECTRUM IQ INFUSION PUMP FAILED TO DETECT UPSTREAM OCCLUSION DURING HEPARIN THERAPY. THE PATIENT WAS ON HIGH DOSE OF HEPARIN AND EVEN THOUGH THE PUMP APPEARED TO BE FUNCTIONING, NONE OF THE MEDICATION HAD GONE INTO THE PATIENT. THERE WAS NO REPORT OF PATIENT INJURY OR MEDICAL INTERVENTION ASSOCIATED WITH THIS EVENT. NO ADDITIONAL INFORMATION IS AVAILABLE.",,"Appropriate Clinical Signs, Symptoms and Conditions Term/Code Not Available; No Clinical Signs, Symptoms or Conditions; Appropriate Clinical Signs, Symptoms and Conditions Term/Code Not Available; No Clinical Signs, Symptoms or Conditions",Injury,https://www.accessdata.fda.gov/scripts/cdrh/cfdocs/cfmaude/detail.cfm?mdrfoi__id=23677571,FDA openFDA MAUDE,b4edbd9338f06f02ee9f27160732c8d8fd198aab2af00f690e45c987a0e0686b
23677573,2025-12-01,,"PUMP, INFUSION",BAXTER HEALTHCARE CORPORATION,3570009,FRN,"IT WAS REPORTED THAT A SPECTRUM IQ INFUSION PUMP FAILED TO DETECT UPSTREAM OCCLUSION DURING HEPARIN THERAPY. THE PATIENT WAS ON HIGH DOSE OF HEPARIN AND EVEN THOUGH THE PUMP APPEARED TO BE FUNCTIONING, NONE OF THE MEDICATION HAD GONE INTO THE PATIENT. THERE WAS NO REPORT OF PATIENT INJURY OR MEDICAL INTERVENTION ASSOCIATED WITH THIS EVENT. NO ADDITIONAL INFORMATION IS AVAILABLE.",,"No Clinical Signs, Symptoms or Conditions; No Clinical Signs, Symptoms or Conditions",Malfunction,https://www.accessdata.fda.gov/scripts/cdrh/cfdocs/cfmaude/detail.cfm?mdrfoi__id=23677573,FDA openFDA MAUDE,b4edbd9338f06f02ee9f27160732c8d8fd198aab2af00f690e45c987a0e0686b
23677610,2025-12-01,,"PUMP, INFUSION",BAXTER HEALTHCARE CORPORATION,3570009,FRN,"IT WAS REPORTED THAT A SPECTRUM IQ INFUSION PUMP FAILED TO DETECT UPSTREAM OCCLUSION DURING HEPARIN THERAPY. THE PATIENT WAS ON HIGH DOSE OF HEPARIN AND EVEN THOUGH THE PUMP APPEARED TO BE FUNCTIONING, NONE OF THE MEDICATION HAD GONE INTO THE PATIENT. THERE WAS NO REPORT OF PATIENT INJURY OR MEDICAL INTERVENTION ASSOCIATED WITH THIS EVENT. NO ADDITIONAL INFORMATION IS AVAILABLE.",,"No Clinical Signs, Symptoms or Conditions; No Clinical Signs, Symptoms or Conditions",Malfunction,https://www.accessdata.fda.gov/scripts/cdrh/cfdocs/cfmaude/detail.cfm?mdrfoi__id=23677610,FDA openFDA MAUDE,b4edbd9338f06f02ee9f27160732c8d8fd198aab2af00f690e45c987a0e0686b
23677616,2025-12-01,,"PUMP, INFUSION",BAXTER HEALTHCARE CORPORATION,3570009,FRN,"IT WAS REPORTED THAT A SPECTRUM IQ INFUSION PUMP FAILED TO DETECT UPSTREAM OCCLUSION DURING HEPARIN THERAPY. THE PATIENT WAS ON HIGH DOSE OF HEPARIN AND EVEN THOUGH THE PUMP APPEARED TO BE FUNCTIONING, NONE OF THE MEDICATION HAD GONE INTO THE PATIENT. THERE WAS NO REPORT OF PATIENT INJURY OR MEDICAL INTERVENTION ASSOCIATED WITH THIS EVENT. NO ADDITIONAL INFORMATION IS AVAILABLE.",,"No Clinical Signs, Symptoms or Conditions; No Clinical Signs, Symptoms or Conditions",Malfunction,https://www.accessdata.fda.gov/scripts/cdrh/cfdocs/cfmaude/detail.cfm?mdrfoi__id=23677616,FDA openFDA MAUDE,b4edbd9338f06f02ee9f27160732c8d8fd198aab2af00f690e45c987a0e0686b
23677641,2025-12-01,2025-11-01,"PUMP, INFUSION",MEDTRONIC PUERTO RICO OPERATIONS CO.,MMT-342,FRN,"IT WAS REPORTED TO MEDTRONIC MINIMED THAT THE CUSTOMER EXPERIENCED HYPERGLYCEMIA WITH A BLOOD GLUCOSE VALUE OF 22.2 MMOL/L WHICH WAS TREATED WITH A CORRECTION BOLUS USING AN INSULIN PEN. THE CUSTOMER NOTICED AIR BUBBLES IN THE RESERVOIR AND ALLEGED THAT THE PUMP WAS UNDER DELIVERING THE INSULIN DUE TO AIR BUBBLES NOTED IN THE RESERVOIR BUT NO PUMP DAMAGE, ALARMS, OR LEAKS. THE EVENT INVOLVED PRODUCT MMT-342. TROUBLESHOOTING WAS NOT PERFORMED FOR AIR BUBBLE ANOMALY. TROUBLESHOOTING WAS PERFORMED FOR HYPERGLYCEMIA. CUSTOMER HAD BEEN USING THE INSULIN PUMP SYSTEM WITHIN 48HOURS OF REPORTED AT THE TIME OF EVENT. CUSTOMER STATED AUTO MODE/SMARTGUARD FEATURE ACTIVE AT THE TIME OF EVENT. NO FURTHER PATIENT COMPLICATIONS WERE REPORTED. NO PRODUCT RETURN IS REQUIRED FOR MMT-342.",,Hyperglycemia; Hyperglycemia,Malfunction,https://www.accessdata.fda.gov/scripts/cdrh/cfdocs/cfmaude/detail.cfm?mdrfoi__id=23677641,FDA openFDA MAUDE,ac3d95ceb9f496cb3625d70359f8824ab8cbe9b01d969aca0be42236539a244d
23677853,2025-12-01,2025-11-04,"PUMP, INFUSION",MEDTRONIC PUERTO RICO OPERATIONS CO.,MMT-332A,FRN,"IT WAS REPORTED TO MEDTRONIC MINIMED THAT THE CUSTOMER RECEIVED INSULIN FLOW BLOCK ALARM. THE CUSTOMER REPORTED NO ADVERSE EVENT. THE EVENT INVOLVED PRODUCT(S) MMT-244A, MMT-332A. TROUBLESHOOTING WAS PERFORMED AND INSULIN DID NOT EXIT WITH GREATER RESSISTANCE. NO HARM REQUIRING MEDICAL INTERVENTION WAS REPORTED. IT WAS UNKNOWN WHETHER THE CUSTOMER WILL CONTINUE TO USE THE DEVICE. NO PRODUCT RETURN IS REQUIRED FOR MMT-244A, MMT-332A.",,"No Clinical Signs, Symptoms or Conditions; No Clinical Signs, Symptoms or Conditions",Malfunction,https://www.accessdata.fda.gov/scripts/cdrh/cfdocs/cfmaude/detail.cfm?mdrfoi__id=23677853,FDA openFDA MAUDE,a3b0ab998f7011b955d8f72fa405b3151c0d15412acf39c5f3a9632912c08815
23677915,2025-12-01,2025-10-14,"PUMP, INFUSION",CAREFUSION SD,8110,FRN,"IT WAS REPORTED THAT THE SYRINGE MODULE STOPPED INFUSING PREMATURELY FOLLOWING A BOLUS INFUSION OF VECURONIUM. THERE WAS NO PATIENT INVOLVEMENT. A BOLUS DOSE OF VECURONIUM WAS ADMINISTERED AT 1928, HOWEVER IT THE SYRINGE MODULE TURNED OFF RATHER THAN TRANSITIONING BACK TO THE EXPECTED CONTINUOUS INFUSION. NO HARM OR IMPACT TO PATIENT IT WAS REPORTED THAT THE PI, IOC, SH SYRINGE MODULE STOPPED INFUSING AFTER A BOLUS INFUSION. THERE WAS NO PATIENT INVOLVEMENT. IT WAS REPORTED THAT THE SYRINGE MODULE STOPPED INFUSING PREMATURELY FOLLOWING A BOLUS INFUSION OF VECURONIUM. THERE WAS NO PATIENT INVOLVEMENT. A BOLUS DOSE OF VECURONIUM WAS ADMINISTERED AT 1928, HOWEVER IT THE SYRINGE MODULE TURNED OFF RATHER THAN TRANSITIONING BACK TO THE EXPECTED CONTINUOUS INFUSION. NO HARM OR IMPACT TO PATIENT.",,"No Clinical Signs, Symptoms or Conditions; No Clinical Signs, Symptoms or Conditions",Malfunction,https://www.accessdata.fda.gov/scripts/cdrh/cfdocs/cfmaude/detail.cfm?mdrfoi__id=23677915,FDA openFDA MAUDE,5c324f952a8c4d5f80c861edcbaa26a3d08afc9f8b120e6f8a85a2bb6c7900d5
23677917,2025-12-01,2025-11-06,"PUMP, INFUSION",BAXTER HEALTHCARE CORPORATION,35700BAX2,FRN,"DURING EVALUATION OF A RETURNED SPECTRUM PUMP, THE DEVICE ALARMED SYSTEM ERROR 322 (LINK SWITCH ERROR (LOW)). NO ADDITIONAL INFORMATION IS AVAILABLE.",,"No Clinical Signs, Symptoms or Conditions; No Clinical Signs, Symptoms or Conditions",Malfunction,https://www.accessdata.fda.gov/scripts/cdrh/cfdocs/cfmaude/detail.cfm?mdrfoi__id=23677917,FDA openFDA MAUDE,43efb02d2450de97f067546116ff25238928bca0f5454a63271fc77465797418
23677960,2025-12-01,2025-10-13,"PUMP, INFUSION",MEDTRONIC PUERTO RICO OPERATIONS CO.,MMT-342,FRN,IT WAS REPORTED TO MEDTRONIC MINIMED THAT THE CUSTOMER EXPERIENCED RESERVOIR LEAK. THE CUSTOMER REPORTED NO ADVERSE EVENT. THE EVENT INVOLVED PRODUCT MMT-342. TROUBLESHOOTING WAS NOT PERFORMED. THE LEAK AT CONNECTION WITH CATHETER/RESERVOIR. NO HARM REQUIRING MEDICAL INTERVENTION WAS REPORTED. NO PRODUCT RETURN IS REQUIRED FOR MMT-342.,,"No Clinical Signs, Symptoms or Conditions; No Clinical Signs, Symptoms or Conditions",Malfunction,https://www.accessdata.fda.gov/scripts/cdrh/cfdocs/cfmaude/detail.cfm?mdrfoi__id=23677960,FDA openFDA MAUDE,dde5d6bd96dc4096cc36c61b3402bf0a7f5b91a22aa9405c3f38224d76f8356c
23677962,2025-12-01,2025-11-04,"PUMP, INFUSION",MEDTRONIC PUERTO RICO OPERATIONS CO.,MMT-342,FRN,IT WAS REPORTED TO MEDTRONIC MINIMED THAT THE CUSTOMER EXPERIENCED HYPERGLYCEMIA AND AIR BUBBLES. THE CUSTOMER REPORTED BLOOD GLUCOSE VALUE OF 300 MG/DL. THE EVENT INVOLVED PRODUCT MMT-342. TROUBLESHOOTING WAS PARTIALLY PERFORMED AND THE CUSTOMER WAS USING THE INSULIN PUMP WITHIN 48 HOURS OF THE REPORTED EVENT ALSO THE AUTO MODE FEATURE AT THE TIME OF THE EVENT. THE LOCATION OF BUBBLES IN THE RESERVOIR AND INFUSION SET. IT WAS CONFIRMED THAT CUSTOMER USED ROOM TEMPERATURE INSULIN. CUSTOMER DID NOT HAVE THE PLUNGER AVAILABLE TO PURGE THE AIR BUBBLES. IT WAS UNKNOWN WHETHER THE CUSTOMER WILL CONTINUE TO USE THE DEVICE. NO FURTHER PATIENT COMPLICATIONS WERE REPORTED. NO PRODUCT RETURN IS REQUIRED FOR MMT-342.,,Hyperglycemia; Hyperglycemia,Malfunction,https://www.accessdata.fda.gov/scripts/cdrh/cfdocs/cfmaude/detail.cfm?mdrfoi__id=23677962,FDA openFDA MAUDE,cf6a79599ceac27d034e41b362bbbc2df7348281c08a3bd0d19f7324de1d2dd6
23677972,2025-12-01,2025-11-05,"PUMP, INFUSION",MEDTRONIC PUERTO RICO OPERATIONS CO.,MMT-332A,FRN,"IT WAS REPORTED TO MEDTRONIC MINIMED THAT THE CUSTOMER REPORTED THE INSULIN LEAKS AND THE RETAINER RING RECALL. THE CUSTOMER REPORTED NO ADVERSE EVENT. THE EVENT INVOLVED PRODUCT(S) MMT-332A, MMT-397, AND MMT-1780KL. TROUBLESHOOTING WAS NOT PERFORMED, AND IT WAS UNKNOWN WHETHER THE ISSUE WAS RESOLVED. NO HARM REQUIRING MEDICAL INTERVENTION WAS REPORTED. NO PRODUCT RETURN IS REQUIRED FOR MMT-332A, MMT-397, AND MMT-1780KL.",,"No Clinical Signs, Symptoms or Conditions; No Clinical Signs, Symptoms or Conditions",Malfunction,https://www.accessdata.fda.gov/scripts/cdrh/cfdocs/cfmaude/detail.cfm?mdrfoi__id=23677972,FDA openFDA MAUDE,0989896fdc4bb0dcc3a8cc19640c5bcd59661ba4dad66cbe587bcc6cd5d73e15
23678152,2025-12-01,2025-11-03,"PUMP, INFUSION",MEDTRONIC PUERTO RICO OPERATIONS CO.,MMT-332A,FRN,"IT WAS REPORTED TO MEDTRONIC MINIMED THAT THE PATIENT CALLED TO REVIEW AND CONFIRM PUMP PROGRAMMING, INCLUDING BASAL RATES, MAXIMUM BOLUS AND BASAL, AND AUTO MODE SETUP. THE CUSTOMER REPORTED BLOOD GLUCOSE VALUE OF 500 MG/DL, AND THE HYPERGLYCEMIC EVENT WAS TREATED WITH INSULIN PUMP. THE EVENT INVOLVED PRODUCT(S) MMT-332A, MMT-1880, MMT-368A. ALL SETTINGS WERE CONFIRMED ACCURATE AND SAVED. TROUBLESHOOTING WAS PERFORMED AND WAS USING THE MINIMED 670G/770G/780G SYSTEM WITH AUTO MODE/SMARTGUARD ACTIVE WITHIN 48 HOURS PRIOR AND NOTED AIR BUBBLES IN THE RESERVOIR. NO FURTHER PATIENT COMPLICATIONS WERE REPORTED. MMT-332A, MMT-1880, MMT-368A WERE NOT EXPECTED TO RETURN.",,Hyperglycemia; Hyperglycemia,Malfunction,https://www.accessdata.fda.gov/scripts/cdrh/cfdocs/cfmaude/detail.cfm?mdrfoi__id=23678152,FDA openFDA MAUDE,56d2a9776bdfaa6e57ac2491b6af0e19ccdd79de268434639f14f0953eb81e7b
23678288,2025-12-01,2025-11-04,"PUMP, INFUSION",MEDTRONIC PUERTO RICO OPERATIONS CO.,MMT-332A,FRN,IT WAS REPORTED TO MEDTRONIC MINIMED THAT THE CUSTOMER EXPERIENCED RESERVOIR LEAK. THE CUSTOMER REPORTED NO ADVERSE EVENT. THE EVENT INVOLVED PRODUCT MMT-332A. TROUBLESHOOTING WAS NOT PERFORMED. OBSERVED THE LEAK HAS PASSED THROUGH TWO O RINGS. NO HARM REQUIRING MEDICAL INTERVENTION WAS REPORTED. NO PRODUCT RETURN IS REQUIRED FOR MMT-332A.,,"No Clinical Signs, Symptoms or Conditions; No Clinical Signs, Symptoms or Conditions",Malfunction,https://www.accessdata.fda.gov/scripts/cdrh/cfdocs/cfmaude/detail.cfm?mdrfoi__id=23678288,FDA openFDA MAUDE,1330fe218fa16b72fc51d06df698ee4371c3a040e075dc9c7b7c4592526d302e
23678429,2025-12-01,2025-11-03,"PUMP, INFUSION",MEDTRONIC PUERTO RICO OPERATIONS CO.,MMT-332A,FRN,IT WAS REPORTED TO MEDTRONIC MINIMED THAT THE CUSTOMER EXPERIENCED RESERVOIR LEAK. THE CUSTOMER REPORTED NO ADVERSE EVENT. THE EVENT INVOLVED PRODUCT MMT-332A. TROUBLESHOOTING WAS NOT PERFORMED. OBSERVED THE LEAK HAS PASSED THROUGH TWO O RINGS. NO HARM REQUIRING MEDICAL INTERVENTION WAS REPORTED. NO PRODUCT RETURN IS REQUIRED FOR MMT-332A.,,"No Clinical Signs, Symptoms or Conditions; No Clinical Signs, Symptoms or Conditions",Malfunction,https://www.accessdata.fda.gov/scripts/cdrh/cfdocs/cfmaude/detail.cfm?mdrfoi__id=23678429,FDA openFDA MAUDE,1330fe218fa16b72fc51d06df698ee4371c3a040e075dc9c7b7c4592526d302e
